0,1,3900231685776981,4503599627370496,0,1,0
0,1,8403831313147477,4503599627370496,1,1,0
1,1,3900231685776981,4503599627370496,1,1,0
0,1,3900231685776981,4503599627370496,1,1,0
73,2305843009213693952,864644858229863,1125899906842624,-6589603590721879,162259276829213363391578010288128,0
1669700095581999,162259276829213363391578010288128,1990544765072487,1125899906842624,1,1,0
1,1,864644858229863,1125899906842624,1,1,0
3243642161677537,324518553658426726783156020576256,864644858229863,1125899906842624,1,1,0
0,1,3900231685776981,4503599627370496,0,1,0
0,1,8403831313147477,4503599627370496,1,1,0
0,1,8403831313147477,4503599627370496,0,1,0
1,1,8403831313147477,4503599627370496,1,1,0
73,2305843009213693952,864644858229863,1125899906842624,-6589603590721879,162259276829213363391578010288128,0
1669700095581999,162259276829213363391578010288128,1990544765072487,1125899906842624,1,1,0
3,144115188075855872,1990544765072487,1125899906842624,6232584021383043,324518553658426726783156020576256,0
1,1,1990544765072487,1125899906842624,1,1,0
0,1,3900231685776981,4503599627370496,0,1,0
0,1,8403831313147477,4503599627370496,1,1,0
0,1,8403831313147477,4503599627370496,0,1,0
1,1,8403831313147477,4503599627370496,0,1,0
73,2305843009213693952,864644858229863,1125899906842624,-6589603590721879,162259276829213363391578010288128,0
1669700095581999,162259276829213363391578010288128,1990544765072487,1125899906842624,1,1,0
3,144115188075855872,1990544765072487,1125899906842624,6232584021383043,324518553658426726783156020576256,0
1,1,1990544765072487,1125899906842624,2501724374775553,81129638414606681695789005144064,0
0,1,3900231685776981,4503599627370496,0,1,0
0,1,8403831313147477,4503599627370496,1,1,0
1,1,8403831313147477,4503599627370496,1,1,0
0,1,3900231685776981,4503599627370496,1,1,0
73,2305843009213693952,864644858229863,1125899906842624,-6589603590721879,162259276829213363391578010288128,0
1669700095581999,162259276829213363391578010288128,1990544765072487,1125899906842624,1,1,0
1,1,1990544765072487,1125899906842624,1,1,0
3243642161677537,324518553658426726783156020576256,864644858229863,1125899906842624,1,1,0
1,1,3900231685776981,4503599627370496,0,1,0
1,1,3900231685776981,4503599627370496,1,1,0
1,1,8403831313147477,4503599627370496,1,1,0
0,1,3900231685776981,4503599627370496,1,1,0
1,1,864644858229863,1125899906842624,-5348868689029467,324518553658426726783156020576256,0
1,1,864644858229863,1125899906842624,1,1,0
1,1,1990544765072487,1125899906842624,1,1,0
3243642161677537,324518553658426726783156020576256,864644858229863,1125899906842624,1,1,0
1,1,3900231685776981,4503599627370496,0,1,0
1,1,3900231685776981,4503599627370496,1,1,0
1,1,8403831313147477,4503599627370496,0,1,0
0,1,3900231685776981,4503599627370496,0,1,0
1,1,864644858229863,1125899906842624,-5348868689029467,324518553658426726783156020576256,0
1,1,864644858229863,1125899906842624,1,1,0
1,1,1990544765072487,1125899906842624,2501724374775553,81129638414606681695789005144064,0
73,2305843009213693952,864644858229863,1125899906842624,-6589603590721879,162259276829213363391578010288128,0
1,1,3900231685776981,4503599627370496,1,1,0
0,1,3900231685776981,4503599627370496,0,1,0
0,1,8403831313147477,4503599627370496,1,1,0
0,1,3900231685776981,4503599627370496,1,1,0
1,1,864644858229863,1125899906842624,1,1,0
73,2305843009213693952,864644858229863,1125899906842624,-6589603590721879,162259276829213363391578010288128,0
1669700095581999,162259276829213363391578010288128,1990544765072487,1125899906842624,1,1,0
3243642161677537,324518553658426726783156020576256,864644858229863,1125899906842624,1,1,0
1,1,3900231685776981,4503599627370496,1,1,0
0,1,3900231685776981,4503599627370496,0,1,0
1,1,8403831313147477,4503599627370496,1,1,0
0,1,3900231685776981,4503599627370496,1,1,0
1,1,864644858229863,1125899906842624,1,1,0
73,2305843009213693952,864644858229863,1125899906842624,-6589603590721879,162259276829213363391578010288128,0
1,1,1990544765072487,1125899906842624,1,1,0
3243642161677537,324518553658426726783156020576256,864644858229863,1125899906842624,1,1,0
1,1,8403831313147477,4503599627370496,1,1,0
0,1,3900231685776981,4503599627370496,1,1,0
0,1,8403831313147477,4503599627370496,1,1,0
0,1,8403831313147477,4503599627370496,0,1,0
1,1,1990544765072487,1125899906842624,1,1,0
3243642161677537,324518553658426726783156020576256,864644858229863,1125899906842624,1,1,0
1669700095581999,162259276829213363391578010288128,1990544765072487,1125899906842624,1,1,0
3,144115188075855872,1990544765072487,1125899906842624,6232584021383043,324518553658426726783156020576256,0
1,1,8403831313147477,4503599627370496,0,1,0
0,1,3900231685776981,4503599627370496,0,1,0
0,1,8403831313147477,4503599627370496,1,1,0
0,1,8403831313147477,4503599627370496,0,1,0
1,1,1990544765072487,1125899906842624,2501724374775553,81129638414606681695789005144064,0
73,2305843009213693952,864644858229863,1125899906842624,-6589603590721879,162259276829213363391578010288128,0
1669700095581999,162259276829213363391578010288128,1990544765072487,1125899906842624,1,1,0
3,144115188075855872,1990544765072487,1125899906842624,6232584021383043,324518553658426726783156020576256,0
0,1,8403831313147477,4503599627370496,0,1,0
1,1,8403831313147477,4503599627370496,1,1,0
0,1,8403831313147477,4503599627370496,1,1,0
0,1,3900231685776981,4503599627370496,1,1,0
3,144115188075855872,1990544765072487,1125899906842624,6232584021383043,324518553658426726783156020576256,0
1,1,1990544765072487,1125899906842624,1,1,0
1669700095581999,162259276829213363391578010288128,1990544765072487,1125899906842624,1,1,0
3243642161677537,324518553658426726783156020576256,864644858229863,1125899906842624,1,1,0
0,1,8403831313147477,4503599627370496,0,1,0
1,1,8403831313147477,4503599627370496,1,1,0
1,1,8403831313147477,4503599627370496,0,1,0
1,1,3900231685776981,4503599627370496,0,1,0
3,144115188075855872,1990544765072487,1125899906842624,6232584021383043,324518553658426726783156020576256,0
1,1,1990544765072487,1125899906842624,1,1,0
1,1,1990544765072487,1125899906842624,2501724374775553,81129638414606681695789005144064,0
1,1,864644858229863,1125899906842624,-5348868689029467,324518553658426726783156020576256,0
0,1,8403831313147477,4503599627370496,0,1,0
1,1,8403831313147477,4503599627370496,1,1,0
1,1,8403831313147477,4503599627370496,0,1,0
0,1,3900231685776981,4503599627370496,0,1,0
3,144115188075855872,1990544765072487,1125899906842624,6232584021383043,324518553658426726783156020576256,0
1,1,1990544765072487,1125899906842624,1,1,0
1,1,1990544765072487,1125899906842624,2501724374775553,81129638414606681695789005144064,0
73,2305843009213693952,864644858229863,1125899906842624,-6589603590721879,162259276829213363391578010288128,0
1,1,3900231685776981,4503599627370496,1,1,0
0,1,3900231685776981,4503599627370496,0,1,0
1,1,8403831313147477,4503599627370496,0,1,0
1,1,3900231685776981,4503599627370496,0,1,0
1,1,864644858229863,1125899906842624,1,1,0
73,2305843009213693952,864644858229863,1125899906842624,-6589603590721879,162259276829213363391578010288128,0
1,1,1990544765072487,1125899906842624,2501724374775553,81129638414606681695789005144064,0
1,1,864644858229863,1125899906842624,-5348868689029467,324518553658426726783156020576256,0
1,1,3900231685776981,4503599627370496,0,1,0
1,1,8403831313147477,4503599627370496,1,1,0
1,1,3900231685776981,4503599627370496,1,1,0
0,1,3900231685776981,4503599627370496,1,1,0
1,1,864644858229863,1125899906842624,-5348868689029467,324518553658426726783156020576256,0
1,1,1990544765072487,1125899906842624,1,1,0
1,1,864644858229863,1125899906842624,1,1,0
3243642161677537,324518553658426726783156020576256,864644858229863,1125899906842624,1,1,0
1,1,3900231685776981,4503599627370496,0,1,0
1,1,8403831313147477,4503599627370496,1,1,0
0,1,8403831313147477,4503599627370496,0,1,0
1,1,8403831313147477,4503599627370496,0,1,0
1,1,864644858229863,1125899906842624,-5348868689029467,324518553658426726783156020576256,0
1,1,1990544765072487,1125899906842624,1,1,0
3,144115188075855872,1990544765072487,1125899906842624,6232584021383043,324518553658426726783156020576256,0
1,1,1990544765072487,1125899906842624,2501724374775553,81129638414606681695789005144064,0
1,1,3900231685776981,4503599627370496,0,1,0
1,1,8403831313147477,4503599627370496,1,1,0
1,1,8403831313147477,4503599627370496,0,1,0
0,1,3900231685776981,4503599627370496,0,1,0
1,1,864644858229863,1125899906842624,-5348868689029467,324518553658426726783156020576256,0
1,1,1990544765072487,1125899906842624,1,1,0
1,1,1990544765072487,1125899906842624,2501724374775553,81129638414606681695789005144064,0
73,2305843009213693952,864644858229863,1125899906842624,-6589603590721879,162259276829213363391578010288128,0
1,1,3900231685776981,4503599627370496,0,1,0
1,1,8403831313147477,4503599627370496,1,1,0
1,1,3900231685776981,4503599627370496,1,1,0
0,1,3900231685776981,4503599627370496,0,1,0
1,1,864644858229863,1125899906842624,-5348868689029467,324518553658426726783156020576256,0
1,1,1990544765072487,1125899906842624,1,1,0
1,1,864644858229863,1125899906842624,1,1,0
73,2305843009213693952,864644858229863,1125899906842624,-6589603590721879,162259276829213363391578010288128,0
1,1,864644858229863,1125899906842624,285387211117971,162259276829213363391578010288128,0
1,1,1990544765072487,1125899906842624,1,1,0
1,1,864644858229863,1125899906842624,1,1,0
1437465259246055,162259276829213363391578010288128,864644858229863,1125899906842624,1,1,0
1,1,5150549854408789,9007199254740992,-8440273884635433,162259276829213363391578010288128,0
1,1,3539437277287445,2251799813685248,1,1,0
1,1,1287637463602197,2251799813685248,9007199254740991,9007199254740992,0
120084530810317,81129638414606681695789005144064,1287637463602197,2251799813685248,4503599627370497,4503599627370496,0
1,1,864644858229863,1125899906842624,285387211117971,162259276829213363391578010288128,0
1,1,1990544765072487,1125899906842624,1,1,0
1770934228289343,162259276829213363391578010288128,1990544765072487,1125899906842624,-2263701489906663,40564819207303340847894502572032,0
1,1,1990544765072487,1125899906842624,-1878518166381313,162259276829213363391578010288128,0
1,1,5150549854408789,9007199254740992,-8440273884635433,162259276829213363391578010288128,0
1,1,3539437277287445,2251799813685248,1,1,0
309145824027677,2535301200456458802993406410752,3539437277287445,2251799813685248,-151369201441457,162259276829213363391578010288128,0
1,1,3539437277287445,2251799813685248,-2792609694427163,81129638414606681695789005144064,0
1,1,864644858229863,1125899906842624,285387211117971,162259276829213363391578010288128,0
1,1,1990544765072487,1125899906842624,1,1,0
1,1,1990544765072487,1125899906842624,-1878518166381313,162259276829213363391578010288128,0
835260973455429,162259276829213363391578010288128,864644858229863,1125899906842624,-6020161821340977,162259276829213363391578010288128,0
1,1,5150549854408789,9007199254740992,-8440273884635433,162259276829213363391578010288128,0
1,1,3539437277287445,2251799813685248,1,1,0
1,1,3539437277287445,2251799813685248,-2792609694427163,81129638414606681695789005144064,0
-4090551118981051,162259276829213363391578010288128,5150549854408789,9007199254740992,-4738693260653653,40564819207303340847894502572032,0
1,1,864644858229863,1125899906842624,285387211117971,162259276829213363391578010288128,0
1,1,1990544765072487,1125899906842624,1,1,0
1,1,864644858229863,1125899906842624,1,1,0
835260973455429,162259276829213363391578010288128,864644858229863,1125899906842624,-6020161821340977,162259276829213363391578010288128,0
1,1,5150549854408789,9007199254740992,-8440273884635433,162259276829213363391578010288128,0
1,1,3539437277287445,2251799813685248,1,1,0
1,1,1287637463602197,2251799813685248,9007199254740991,9007199254740992,0
-4090551118981051,162259276829213363391578010288128,5150549854408789,9007199254740992,-4738693260653653,40564819207303340847894502572032,0
1,1,864644858229863,1125899906842624,1,1,0
835260973455429,162259276829213363391578010288128,864644858229863,1125899906842624,-6020161821340977,162259276829213363391578010288128,0
7450823648694789,324518553658426726783156020576256,1990544765072487,1125899906842624,1,1,0
1437465259246055,162259276829213363391578010288128,864644858229863,1125899906842624,1,1,0
1,1,1287637463602197,2251799813685248,9007199254740991,9007199254740992,0
-4090551118981051,162259276829213363391578010288128,5150549854408789,9007199254740992,-4738693260653653,40564819207303340847894502572032,0
6042464881275427,40564819207303340847894502572032,7078874554574891,4503599627370496,9007199254740991,9007199254740992,0
120084530810317,81129638414606681695789005144064,1287637463602197,2251799813685248,4503599627370497,4503599627370496,0
835260973455429,162259276829213363391578010288128,864644858229863,1125899906842624,-6020161821340977,162259276829213363391578010288128,0
7450823648694789,324518553658426726783156020576256,1990544765072487,1125899906842624,1,1,0
1,1,864644858229863,1125899906842624,1,1,0
1437465259246055,162259276829213363391578010288128,864644858229863,1125899906842624,1,1,0
-4090551118981051,162259276829213363391578010288128,5150549854408789,9007199254740992,-4738693260653653,40564819207303340847894502572032,0
6042464881275427,40564819207303340847894502572032,7078874554574891,4503599627370496,9007199254740991,9007199254740992,0
1,1,1287637463602197,2251799813685248,9007199254740991,9007199254740992,0
120084530810317,81129638414606681695789005144064,1287637463602197,2251799813685248,4503599627370497,4503599627370496,0
1,1,1990544765072487,1125899906842624,1,1,0
1437465259246055,162259276829213363391578010288128,864644858229863,1125899906842624,1,1,0
7450823648694789,324518553658426726783156020576256,1990544765072487,1125899906842624,1,1,0
1770934228289343,162259276829213363391578010288128,1990544765072487,1125899906842624,-2263701489906663,40564819207303340847894502572032,0
1,1,3539437277287445,2251799813685248,1,1,0
120084530810317,81129638414606681695789005144064,1287637463602197,2251799813685248,4503599627370497,4503599627370496,0
6042464881275427,40564819207303340847894502572032,7078874554574891,4503599627370496,9007199254740991,9007199254740992,0
309145824027677,2535301200456458802993406410752,3539437277287445,2251799813685248,-151369201441457,162259276829213363391578010288128,0
1,1,864644858229863,1125899906842624,285387211117971,162259276829213363391578010288128,0
1,1,864644858229863,1125899906842624,1,1,0
1,1,1990544765072487,1125899906842624,1,1,0
1437465259246055,162259276829213363391578010288128,864644858229863,1125899906842624,1,1,0
1,1,5150549854408789,9007199254740992,-8440273884635433,162259276829213363391578010288128,0
1,1,1287637463602197,2251799813685248,9007199254740991,9007199254740992,0
1,1,3539437277287445,2251799813685248,1,1,0
120084530810317,81129638414606681695789005144064,1287637463602197,2251799813685248,4503599627370497,4503599627370496,0
835260973455429,162259276829213363391578010288128,864644858229863,1125899906842624,-6020161821340977,162259276829213363391578010288128,0
7450823648694789,324518553658426726783156020576256,1990544765072487,1125899906842624,1,1,0
1770934228289343,162259276829213363391578010288128,1990544765072487,1125899906842624,-2263701489906663,40564819207303340847894502572032,0
1,1,1990544765072487,1125899906842624,1,1,0
-4090551118981051,162259276829213363391578010288128,5150549854408789,9007199254740992,-4738693260653653,40564819207303340847894502572032,0
6042464881275427,40564819207303340847894502572032,7078874554574891,4503599627370496,9007199254740991,9007199254740992,0
309145824027677,2535301200456458802993406410752,3539437277287445,2251799813685248,-151369201441457,162259276829213363391578010288128,0
1,1,3539437277287445,2251799813685248,1,1,0
1,1,864644858229863,1125899906842624,1,1,0
835260973455429,162259276829213363391578010288128,864644858229863,1125899906842624,-6020161821340977,162259276829213363391578010288128,0
1,1,1990544765072487,1125899906842624,1,1,0
1437465259246055,162259276829213363391578010288128,864644858229863,1125899906842624,1,1,0
1,1,1287637463602197,2251799813685248,9007199254740991,9007199254740992,0
-4090551118981051,162259276829213363391578010288128,5150549854408789,9007199254740992,-4738693260653653,40564819207303340847894502572032,0
1,1,3539437277287445,2251799813685248,1,1,0
120084530810317,81129638414606681695789005144064,1287637463602197,2251799813685248,4503599627370497,4503599627370496,0
1770934228289343,162259276829213363391578010288128,1990544765072487,1125899906842624,-2263701489906663,40564819207303340847894502572032,0
1,1,1990544765072487,1125899906842624,1,1,0
7450823648694789,324518553658426726783156020576256,1990544765072487,1125899906842624,1,1,0
1437465259246055,162259276829213363391578010288128,864644858229863,1125899906842624,1,1,0
309145824027677,2535301200456458802993406410752,3539437277287445,2251799813685248,-151369201441457,162259276829213363391578010288128,0
1,1,3539437277287445,2251799813685248,1,1,0
6042464881275427,40564819207303340847894502572032,7078874554574891,4503599627370496,9007199254740991,9007199254740992,0
120084530810317,81129638414606681695789005144064,1287637463602197,2251799813685248,4503599627370497,4503599627370496,0
1770934228289343,162259276829213363391578010288128,1990544765072487,1125899906842624,-2263701489906663,40564819207303340847894502572032,0
1,1,1990544765072487,1125899906842624,1,1,0
1,1,1990544765072487,1125899906842624,-1878518166381313,162259276829213363391578010288128,0
1,1,864644858229863,1125899906842624,285387211117971,162259276829213363391578010288128,0
309145824027677,2535301200456458802993406410752,3539437277287445,2251799813685248,-151369201441457,162259276829213363391578010288128,0
1,1,3539437277287445,2251799813685248,1,1,0
1,1,3539437277287445,2251799813685248,-2792609694427163,81129638414606681695789005144064,0
1,1,5150549854408789,9007199254740992,-8440273884635433,162259276829213363391578010288128,0
1,1,864644858229863,1125899906842624,285387211117971,162259276829213363391578010288128,0
1,1,864644858229863,1125899906842624,1,1,0
1,1,1990544765072487,1125899906842624,-1878518166381313,162259276829213363391578010288128,0
835260973455429,162259276829213363391578010288128,864644858229863,1125899906842624,-6020161821340977,162259276829213363391578010288128,0
1,1,5150549854408789,9007199254740992,-8440273884635433,162259276829213363391578010288128,0
1,1,1287637463602197,2251799813685248,9007199254740991,9007199254740992,0
1,1,3539437277287445,2251799813685248,-2792609694427163,81129638414606681695789005144064,0
-4090551118981051,162259276829213363391578010288128,5150549854408789,9007199254740992,-4738693260653653,40564819207303340847894502572032,0
1770934228289343,162259276829213363391578010288128,1990544765072487,1125899906842624,-2263701489906663,40564819207303340847894502572032,0
1,1,1990544765072487,1125899906842624,1,1,0
1,1,1990544765072487,1125899906842624,-1878518166381313,162259276829213363391578010288128,0
835260973455429,162259276829213363391578010288128,864644858229863,1125899906842624,-6020161821340977,162259276829213363391578010288128,0
309145824027677,2535301200456458802993406410752,3539437277287445,2251799813685248,-151369201441457,162259276829213363391578010288128,0
1,1,3539437277287445,2251799813685248,1,1,0
1,1,3539437277287445,2251799813685248,-2792609694427163,81129638414606681695789005144064,0
-4090551118981051,162259276829213363391578010288128,5150549854408789,9007199254740992,-4738693260653653,40564819207303340847894502572032,0
1,1,1990544765072487,1125899906842624,-1878518166381313,162259276829213363391578010288128,0
835260973455429,162259276829213363391578010288128,864644858229863,1125899906842624,-6020161821340977,162259276829213363391578010288128,0
7450823648694789,324518553658426726783156020576256,1990544765072487,1125899906842624,1,1,0
1770934228289343,162259276829213363391578010288128,1990544765072487,1125899906842624,-2263701489906663,40564819207303340847894502572032,0
1,1,3539437277287445,2251799813685248,-2792609694427163,81129638414606681695789005144064,0
-4090551118981051,162259276829213363391578010288128,5150549854408789,9007199254740992,-4738693260653653,40564819207303340847894502572032,0
6042464881275427,40564819207303340847894502572032,7078874554574891,4503599627370496,9007199254740991,9007199254740992,0
309145824027677,2535301200456458802993406410752,3539437277287445,2251799813685248,-151369201441457,162259276829213363391578010288128,0
835260973455429,162259276829213363391578010288128,864644858229863,1125899906842624,-6020161821340977,162259276829213363391578010288128,0
7450823648694789,324518553658426726783156020576256,1990544765072487,1125899906842624,1,1,0
1770934228289343,162259276829213363391578010288128,1990544765072487,1125899906842624,-2263701489906663,40564819207303340847894502572032,0
1,1,1990544765072487,1125899906842624,-1878518166381313,162259276829213363391578010288128,0
-4090551118981051,162259276829213363391578010288128,5150549854408789,9007199254740992,-4738693260653653,40564819207303340847894502572032,0
6042464881275427,40564819207303340847894502572032,7078874554574891,4503599627370496,9007199254740991,9007199254740992,0
309145824027677,2535301200456458802993406410752,3539437277287445,2251799813685248,-151369201441457,162259276829213363391578010288128,0
1,1,3539437277287445,2251799813685248,-2792609694427163,81129638414606681695789005144064,0
1,1,864644858229863,1125899906842624,1,1,0
835260973455429,162259276829213363391578010288128,864644858229863,1125899906842624,-6020161821340977,162259276829213363391578010288128,0
1,1,1990544765072487,1125899906842624,-1878518166381313,162259276829213363391578010288128,0
1,1,864644858229863,1125899906842624,285387211117971,162259276829213363391578010288128,0
1,1,1287637463602197,2251799813685248,9007199254740991,9007199254740992,0
-4090551118981051,162259276829213363391578010288128,5150549854408789,9007199254740992,-4738693260653653,40564819207303340847894502572032,0
1,1,3539437277287445,2251799813685248,-2792609694427163,81129638414606681695789005144064,0
1,1,5150549854408789,9007199254740992,-8440273884635433,162259276829213363391578010288128,0
835260973455429,162259276829213363391578010288128,864644858229863,1125899906842624,-6020161821340977,162259276829213363391578010288128,0
7450823648694789,324518553658426726783156020576256,1990544765072487,1125899906842624,1,1,0
1,1,1990544765072487,1125899906842624,1,1,0
1437465259246055,162259276829213363391578010288128,864644858229863,1125899906842624,1,1,0
-4090551118981051,162259276829213363391578010288128,5150549854408789,9007199254740992,-4738693260653653,40564819207303340847894502572032,0
6042464881275427,40564819207303340847894502572032,7078874554574891,4503599627370496,9007199254740991,9007199254740992,0
1,1,3539437277287445,2251799813685248,1,1,0
120084530810317,81129638414606681695789005144064,1287637463602197,2251799813685248,4503599627370497,4503599627370496,0
1,1,5150549854408787,9007199254740992,-1592518156610665,20282409603651670423947251286016,1
1,1,1287637463602197,2251799813685248,1,1,1
3,2,2573485501354569,9007199254740992,3374482863651179,2251799813685248,1
1,1,2573485501354569,9007199254740992,8994331827234219,9007199254740992,1
1,1,5001272674527227,18014398509481984,-18138484381021,10141204801825835211973625643008,1
1,1,5001272674527231,18014398509481984,9007199254740991,9007199254740992,1
3,2,2573485501354569,9007199254740992,3374482863651179,2251799813685248,1
1,1,2573485501354569,9007199254740992,8994331827234219,9007199254740992,1
1,1,5150549854408787,9007199254740992,-1592518156610665,20282409603651670423947251286016,0
1,1,3539437277287445,2251799813685248,9007199254740991,9007199254740992,0
3,2,2573485501354569,9007199254740992,3374482863651179,2251799813685248,0
1,1,2573485501354569,9007199254740992,8994331827234219,9007199254740992,0
1,1,5001272674527227,18014398509481984,-18138484381021,10141204801825835211973625643008,0
1,1,11238120695317,8796093022208,9007199254740991,9007199254740992,0
3,2,2573485501354569,9007199254740992,3374482863651179,2251799813685248,0
1,1,2573485501354569,9007199254740992,8994331827234219,9007199254740992,0
-178557702395777,81129638414606681695789005144064,1287637463602197,2251799813685248,1883714783975895,20282409603651670423947251286016,0
-518631090265169,20282409603651670423947251286016,3539437277287445,2251799813685248,-4658103007526679,40564819207303340847894502572032,0
-1,2,2573485501354569,9007199254740992,4490732199863723,9007199254740992,0
1,2,2573485501354569,9007199254740992,-4516467054877269,9007199254740992,0
-3063676213680001,81129638414606681695789005144064,5001272674527229,18014398509481984,7537003452633323,162259276829213363391578010288128,0
44318863156143,20282409603651670423947251286016,5753917796002303,4503599627370496,-2206453937303325,10141204801825835211973625643008,0
-1,2,2573485501354569,9007199254740992,4490732199863723,9007199254740992,0
1,2,2573485501354569,9007199254740992,-4516467054877269,9007199254740992,0
-178557702395777,81129638414606681695789005144064,1287637463602197,2251799813685248,1883714783975895,20282409603651670423947251286016,0
-217269143777413,20282409603651670423947251286016,7078874554574889,4503599627370496,9007199254740991,9007199254740992,0
-1,2,2573485501354569,9007199254740992,4490732199863723,9007199254740992,0
1,2,2573485501354569,9007199254740992,-4516467054877269,9007199254740992,0
-3063676213680001,81129638414606681695789005144064,5001272674527229,18014398509481984,7537003452633323,162259276829213363391578010288128,0
-4506723707108689,162259276829213363391578010288128,11238120695317,8796093022208,1,1,0
-1,2,2573485501354569,9007199254740992,4490732199863723,9007199254740992,0
1,2,2573485501354569,9007199254740992,-4516467054877269,9007199254740992,0
1,1,1287637463602197,2251799813685248,1,1,0
-178557702395777,81129638414606681695789005144064,1287637463602197,2251799813685248,1883714783975895,20282409603651670423947251286016,0
3,2,2573485501354569,9007199254740992,3374482863651179,2251799813685248,0
1,1,2573485501354569,9007199254740992,8994331827234219,9007199254740992,0
1,1,5001272674527231,18014398509481984,9007199254740991,9007199254740992,0
-3063676213680001,81129638414606681695789005144064,5001272674527229,18014398509481984,7537003452633323,162259276829213363391578010288128,0
3,2,2573485501354569,9007199254740992,3374482863651179,2251799813685248,0
1,1,2573485501354569,9007199254740992,8994331827234219,9007199254740992,0
1,1,5150549854408787,9007199254740992,-1592518156610665,20282409603651670423947251286016,1
1,1,1287637463602197,2251799813685248,1,1,1
3,2,2573485501354569,9007199254740992,4490732199863723,9007199254740992,1
1,1,2573485501354569,9007199254740992,8994331827234219,9007199254740992,1
1,1,5001272674527227,18014398509481984,-18138484381021,10141204801825835211973625643008,1
1,1,5001272674527231,18014398509481984,9007199254740991,9007199254740992,1
3,2,2573485501354569,9007199254740992,4490732199863723,9007199254740992,1
1,1,2573485501354569,9007199254740992,8994331827234219,9007199254740992,1
1,1,5150549854408787,9007199254740992,-1592518156610665,20282409603651670423947251286016,0
-178557702395777,81129638414606681695789005144064,1287637463602197,2251799813685248,1883714783975895,20282409603651670423947251286016,0
1,2,2573485501354569,9007199254740992,-4516467054877269,9007199254740992,0
3,2,2573485501354569,9007199254740992,4490732199863723,9007199254740992,0
1,1,5001272674527227,18014398509481984,-18138484381021,10141204801825835211973625643008,0
-3063676213680001,81129638414606681695789005144064,5001272674527229,18014398509481984,7537003452633323,162259276829213363391578010288128,0
1,2,2573485501354569,9007199254740992,-4516467054877269,9007199254740992,0
3,2,2573485501354569,9007199254740992,4490732199863723,9007199254740992,0
1,1,5150549854408787,9007199254740992,-1592518156610665,20282409603651670423947251286016,0
1,1,3539437277287445,2251799813685248,9007199254740991,9007199254740992,0
3,2,2573485501354569,9007199254740992,4490732199863723,9007199254740992,0
1,1,2573485501354569,9007199254740992,8994331827234219,9007199254740992,0
1,1,5001272674527227,18014398509481984,-18138484381021,10141204801825835211973625643008,0
1,1,11238120695317,8796093022208,9007199254740991,9007199254740992,0
3,2,2573485501354569,9007199254740992,4490732199863723,9007199254740992,0
1,1,2573485501354569,9007199254740992,8994331827234219,9007199254740992,0
1,1,1287637463602197,2251799813685248,1,1,0
4110600871924547,81129638414606681695789005144064,5150549854408789,9007199254740992,9007199254740991,9007199254740992,0
3,2,2573485501354569,9007199254740992,3374482863651179,2251799813685248,0
1,1,2573485501354569,9007199254740992,8994331827234219,9007199254740992,0
1,1,5001272674527231,18014398509481984,9007199254740991,9007199254740992,0
5124704172096727,40564819207303340847894502572032,2500636337263615,9007199254740992,1,1,0
3,2,2573485501354569,9007199254740992,3374482863651179,2251799813685248,0
1,1,2573485501354569,9007199254740992,8994331827234219,9007199254740992,0
1,1,5150549854408787,9007199254740992,-1592518156610665,20282409603651670423947251286016,0
1,1,1287637463602197,2251799813685248,1,1,0
1,2,2573485501354569,9007199254740992,-4516467054877269,9007199254740992,0
3,2,2573485501354569,9007199254740992,4490732199863723,9007199254740992,0
1,1,5001272674527227,18014398509481984,-18138484381021,10141204801825835211973625643008,0
1,1,5001272674527231,18014398509481984,9007199254740991,9007199254740992,0
1,2,2573485501354569,9007199254740992,-4516467054877269,9007199254740992,0
3,2,2573485501354569,9007199254740992,4490732199863723,9007199254740992,0
1,1,3539437277287445,2251799813685248,9007199254740991,9007199254740992,0
1,1,1287637463602197,2251799813685248,1,1,0
3,2,2573485501354569,9007199254740992,3374482863651179,2251799813685248,0
1,1,2573485501354569,9007199254740992,8994331827234219,9007199254740992,0
1,1,11238120695317,8796093022208,9007199254740991,9007199254740992,0
1,1,5001272674527231,18014398509481984,9007199254740991,9007199254740992,0
3,2,2573485501354569,9007199254740992,3374482863651179,2251799813685248,0
1,1,2573485501354569,9007199254740992,8994331827234219,9007199254740992,0
1,1,1287637463602197,2251799813685248,1,1,0
-178557702395777,81129638414606681695789005144064,1287637463602197,2251799813685248,1883714783975895,20282409603651670423947251286016,0
3,2,2573485501354569,9007199254740992,4490732199863723,9007199254740992,0
1,1,2573485501354569,9007199254740992,8994331827234219,9007199254740992,0
1,1,5001272674527231,18014398509481984,9007199254740991,9007199254740992,0
-3063676213680001,81129638414606681695789005144064,5001272674527229,18014398509481984,7537003452633323,162259276829213363391578010288128,0
3,2,2573485501354569,9007199254740992,4490732199863723,9007199254740992,0
1,1,2573485501354569,9007199254740992,8994331827234219,9007199254740992,0
1,1,5150549854408787,9007199254740992,-1592518156610665,20282409603651670423947251286016,0
1,1,3539437277287445,2251799813685248,9007199254740991,9007199254740992,0
1,2,2573485501354569,9007199254740992,-4516467054877269,9007199254740992,0
3,2,2573485501354569,9007199254740992,4490732199863723,9007199254740992,0
1,1,5001272674527227,18014398509481984,-18138484381021,10141204801825835211973625643008,0
1,1,11238120695317,8796093022208,9007199254740991,9007199254740992,0
1,2,2573485501354569,9007199254740992,-4516467054877269,9007199254740992,0
3,2,2573485501354569,9007199254740992,4490732199863723,9007199254740992,0
1,1,5150549854408787,9007199254740992,-1592518156610665,20282409603651670423947251286016,0
-178557702395777,81129638414606681695789005144064,1287637463602197,2251799813685248,1883714783975895,20282409603651670423947251286016,0
-1,2,2573485501354569,9007199254740992,4490732199863723,9007199254740992,0
1,2,2573485501354569,9007199254740992,-4516467054877269,9007199254740992,0
1,1,5001272674527227,18014398509481984,-18138484381021,10141204801825835211973625643008,0
-3063676213680001,81129638414606681695789005144064,5001272674527229,18014398509481984,7537003452633323,162259276829213363391578010288128,0
-1,2,2573485501354569,9007199254740992,4490732199863723,9007199254740992,0
1,2,2573485501354569,9007199254740992,-4516467054877269,9007199254740992,0
1,1,1287637463602197,2251799813685248,1,1,0
-178557702395777,81129638414606681695789005144064,1287637463602197,2251799813685248,1883714783975895,20282409603651670423947251286016,0
1,2,2573485501354569,9007199254740992,-4516467054877269,9007199254740992,0
3,2,2573485501354569,9007199254740992,4490732199863723,9007199254740992,0
1,1,5001272674527231,18014398509481984,9007199254740991,9007199254740992,0
-3063676213680001,81129638414606681695789005144064,5001272674527229,18014398509481984,7537003452633323,162259276829213363391578010288128,0
1,2,2573485501354569,9007199254740992,-4516467054877269,9007199254740992,0
3,2,2573485501354569,9007199254740992,4490732199863723,9007199254740992,0
1,1,1287637463602197,2251799813685248,1,1,0
4110600871924547,81129638414606681695789005144064,5150549854408789,9007199254740992,9007199254740991,9007199254740992,0
3,2,2573485501354569,9007199254740992,4490732199863723,9007199254740992,0
1,1,2573485501354569,9007199254740992,8994331827234219,9007199254740992,0
1,1,5001272674527231,18014398509481984,9007199254740991,9007199254740992,0
5124704172096727,40564819207303340847894502572032,2500636337263615,9007199254740992,1,1,0
3,2,2573485501354569,9007199254740992,4490732199863723,9007199254740992,0
1,1,2573485501354569,9007199254740992,8994331827234219,9007199254740992,0
1,1,3539437277287445,2251799813685248,9007199254740991,9007199254740992,0
4110600871924547,81129638414606681695789005144064,5150549854408789,9007199254740992,9007199254740991,9007199254740992,0
3,2,2573485501354569,9007199254740992,3374482863651179,2251799813685248,0
1,1,2573485501354569,9007199254740992,8994331827234219,9007199254740992,0
1,1,11238120695317,8796093022208,9007199254740991,9007199254740992,0
5124704172096727,40564819207303340847894502572032,2500636337263615,9007199254740992,1,1,0
3,2,2573485501354569,9007199254740992,3374482863651179,2251799813685248,0
1,1,2573485501354569,9007199254740992,8994331827234219,9007199254740992,0
1,1,1287637463602197,2251799813685248,1,1,0
-178557702395777,81129638414606681695789005144064,1287637463602197,2251799813685248,1883714783975895,20282409603651670423947251286016,0
-1,2,2573485501354569,9007199254740992,4490732199863723,9007199254740992,0
1,2,2573485501354569,9007199254740992,-4516467054877269,9007199254740992,0
1,1,5001272674527231,18014398509481984,9007199254740991,9007199254740992,0
-3063676213680001,81129638414606681695789005144064,5001272674527229,18014398509481984,7537003452633323,162259276829213363391578010288128,0
-1,2,2573485501354569,9007199254740992,4490732199863723,9007199254740992,0
1,2,2573485501354569,9007199254740992,-4516467054877269,9007199254740992,0
1,1,5150549854408787,9007199254740992,-1592518156610665,20282409603651670423947251286016,1
-178557702395777,81129638414606681695789005144064,1287637463602197,2251799813685248,1883714783975895,20282409603651670423947251286016,1
1,2,2573485501354569,9007199254740992,-4516467054877269,9007199254740992,1
1,2,2573485501354569,9007199254740992,3374482863651179,2251799813685248,1
1,1,5001272674527227,18014398509481984,-18138484381021,10141204801825835211973625643008,1
-3063676213680001,81129638414606681695789005144064,5001272674527229,18014398509481984,7537003452633323,162259276829213363391578010288128,1
1,2,2573485501354569,9007199254740992,-4516467054877269,9007199254740992,1
1,2,2573485501354569,9007199254740992,3374482863651179,2251799813685248,1
1,1,3539437277287445,2251799813685248,9007199254740991,9007199254740992,0
1,1,1287637463602197,2251799813685248,1,1,0
3,2,2573485501354569,9007199254740992,4490732199863723,9007199254740992,0
1,1,2573485501354569,9007199254740992,8994331827234219,9007199254740992,0
1,1,11238120695317,8796093022208,9007199254740991,9007199254740992,0
1,1,5001272674527231,18014398509481984,9007199254740991,9007199254740992,0
3,2,2573485501354569,9007199254740992,4490732199863723,9007199254740992,0
1,1,2573485501354569,9007199254740992,8994331827234219,9007199254740992,0
4110600871924547,81129638414606681695789005144064,5150549854408789,9007199254740992,9007199254740991,9007199254740992,0
-178557702395777,81129638414606681695789005144064,1287637463602197,2251799813685248,1883714783975895,20282409603651670423947251286016,0
-1,2,2573485501354569,9007199254740992,4490732199863723,9007199254740992,0
1,2,2573485501354569,9007199254740992,-4516467054877269,9007199254740992,0
5124704172096727,40564819207303340847894502572032,2500636337263615,9007199254740992,1,1,0
-3063676213680001,81129638414606681695789005144064,5001272674527229,18014398509481984,7537003452633323,162259276829213363391578010288128,0
-1,2,2573485501354569,9007199254740992,4490732199863723,9007199254740992,0
1,2,2573485501354569,9007199254740992,-4516467054877269,9007199254740992,0
1,1,3539437277287445,2251799813685248,-8971411676418883,324518553658426726783156020576256,0
-178557702395777,81129638414606681695789005144064,1287637463602197,2251799813685248,1883714783975895,20282409603651670423947251286016,0
1,2,2573485501354569,9007199254740992,-4516467054877269,9007199254740992,0
3,2,2573485501354569,9007199254740992,4490732199863723,9007199254740992,0
1,1,11238120695317,8796093022208,-6851976642265935,40564819207303340847894502572032,0
-3063676213680001,81129638414606681695789005144064,5001272674527229,18014398509481984,7537003452633323,162259276829213363391578010288128,0
1,2,2573485501354569,9007199254740992,-4516467054877269,9007199254740992,0
3,2,2573485501354569,9007199254740992,4490732199863723,9007199254740992,0
1,1,1287637463602197,2251799813685248,1,1,1
-178557702395777,81129638414606681695789005144064,1287637463602197,2251799813685248,1883714783975895,20282409603651670423947251286016,1
1,2,2573485501354569,9007199254740992,-4516467054877269,9007199254740992,1
1,2,2573485501354569,9007199254740992,3374482863651179,2251799813685248,1
1,1,5001272674527231,18014398509481984,9007199254740991,9007199254740992,1
-3063676213680001,81129638414606681695789005144064,5001272674527229,18014398509481984,7537003452633323,162259276829213363391578010288128,1
1,2,2573485501354569,9007199254740992,-4516467054877269,9007199254740992,1
1,2,2573485501354569,9007199254740992,3374482863651179,2251799813685248,1
1,1,3539437277287445,2251799813685248,-8971411676418883,324518553658426726783156020576256,0
-178557702395777,81129638414606681695789005144064,1287637463602197,2251799813685248,1883714783975895,20282409603651670423947251286016,0
-1,2,2573485501354569,9007199254740992,4490732199863723,9007199254740992,0
1,2,2573485501354569,9007199254740992,-4516467054877269,9007199254740992,0
1,1,11238120695317,8796093022208,-6851976642265935,40564819207303340847894502572032,0
-3063676213680001,81129638414606681695789005144064,5001272674527229,18014398509481984,7537003452633323,162259276829213363391578010288128,0
-1,2,2573485501354569,9007199254740992,4490732199863723,9007199254740992,0
1,2,2573485501354569,9007199254740992,-4516467054877269,9007199254740992,0
1,1,1287637463602197,2251799813685248,1,1,1
4110600871924547,81129638414606681695789005144064,5150549854408789,9007199254740992,9007199254740991,9007199254740992,1
1,2,2573485501354569,9007199254740992,-4516467054877269,9007199254740992,1
1,2,2573485501354569,9007199254740992,3374482863651179,2251799813685248,1
1,1,5001272674527231,18014398509481984,9007199254740991,9007199254740992,1
5124704172096727,40564819207303340847894502572032,2500636337263615,9007199254740992,1,1,1
1,2,2573485501354569,9007199254740992,-4516467054877269,9007199254740992,1
1,2,2573485501354569,9007199254740992,3374482863651179,2251799813685248,1
1,1,3539437277287445,2251799813685248,-8971411676418883,324518553658426726783156020576256,0
1,1,5150549854408787,9007199254740992,-1592518156610665,20282409603651670423947251286016,0
1,2,2573485501354569,9007199254740992,-4516467054877269,9007199254740992,0
3,2,2573485501354569,9007199254740992,4490732199863723,9007199254740992,0
1,1,11238120695317,8796093022208,-6851976642265935,40564819207303340847894502572032,0
1,1,5001272674527227,18014398509481984,-18138484381021,10141204801825835211973625643008,0
1,2,2573485501354569,9007199254740992,-4516467054877269,9007199254740992,0
3,2,2573485501354569,9007199254740992,4490732199863723,9007199254740992,0
-178557702395777,81129638414606681695789005144064,1287637463602197,2251799813685248,1883714783975895,20282409603651670423947251286016,0
-217269143777413,20282409603651670423947251286016,7078874554574889,4503599627370496,9007199254740991,9007199254740992,0
0,1,2573485501354569,9007199254740992,8994331827234219,9007199254740992,0
-1,2,2573485501354569,9007199254740992,3374482863651179,2251799813685248,0
-3063676213680001,81129638414606681695789005144064,5001272674527229,18014398509481984,7537003452633323,162259276829213363391578010288128,0
-4506723707108689,162259276829213363391578010288128,11238120695317,8796093022208,1,1,0
0,1,2573485501354569,9007199254740992,8994331827234219,9007199254740992,0
-1,2,2573485501354569,9007199254740992,3374482863651179,2251799813685248,0
1,1,1287637463602197,2251799813685248,1,1,0
-178557702395777,81129638414606681695789005144064,1287637463602197,2251799813685248,1883714783975895,20282409603651670423947251286016,0
0,1,2573485501354569,9007199254740992,8994331827234219,9007199254740992,0
-1,2,2573485501354569,9007199254740992,3374482863651179,2251799813685248,0
1,1,5001272674527231,18014398509481984,9007199254740991,9007199254740992,0
-3063676213680001,81129638414606681695789005144064,5001272674527229,18014398509481984,7537003452633323,162259276829213363391578010288128,0
0,1,2573485501354569,9007199254740992,8994331827234219,9007199254740992,0
-1,2,2573485501354569,9007199254740992,3374482863651179,2251799813685248,0
1,1,1287637463602197,2251799813685248,1,1,0
4110600871924547,81129638414606681695789005144064,5150549854408789,9007199254740992,9007199254740991,9007199254740992,0
0,1,2573485501354569,9007199254740992,8994331827234219,9007199254740992,0
-1,2,2573485501354569,9007199254740992,3374482863651179,2251799813685248,0
1,1,5001272674527231,18014398509481984,9007199254740991,9007199254740992,0
5124704172096727,40564819207303340847894502572032,2500636337263615,9007199254740992,1,1,0
0,1,2573485501354569,9007199254740992,8994331827234219,9007199254740992,0
-1,2,2573485501354569,9007199254740992,3374482863651179,2251799813685248,0
4110600871924547,81129638414606681695789005144064,5150549854408789,9007199254740992,9007199254740991,9007199254740992,0
-178557702395777,81129638414606681695789005144064,1287637463602197,2251799813685248,1883714783975895,20282409603651670423947251286016,0
0,1,2573485501354569,9007199254740992,8994331827234219,9007199254740992,0
-1,2,2573485501354569,9007199254740992,3374482863651179,2251799813685248,0
5124704172096727,40564819207303340847894502572032,2500636337263615,9007199254740992,1,1,0
-3063676213680001,81129638414606681695789005144064,5001272674527229,18014398509481984,7537003452633323,162259276829213363391578010288128,0
0,1,2573485501354569,9007199254740992,8994331827234219,9007199254740992,0
-1,2,2573485501354569,9007199254740992,3374482863651179,2251799813685248,0
1,1,3539437277287445,2251799813685248,-8971411676418883,324518553658426726783156020576256,0
-178557702395777,81129638414606681695789005144064,1287637463602197,2251799813685248,1883714783975895,20282409603651670423947251286016,0
1,2,2573485501354569,9007199254740992,-4516467054877269,9007199254740992,0
1,2,2573485501354569,9007199254740992,3374482863651179,2251799813685248,0
1,1,11238120695317,8796093022208,-6851976642265935,40564819207303340847894502572032,0
-3063676213680001,81129638414606681695789005144064,5001272674527229,18014398509481984,7537003452633323,162259276829213363391578010288128,0
1,2,2573485501354569,9007199254740992,-4516467054877269,9007199254740992,0
1,2,2573485501354569,9007199254740992,3374482863651179,2251799813685248,0
1,1,3539437277287445,2251799813685248,9007199254740991,9007199254740992,0
4110600871924547,81129638414606681695789005144064,5150549854408789,9007199254740992,9007199254740991,9007199254740992,0
1,2,2573485501354569,9007199254740992,-4516467054877269,9007199254740992,0
1,2,2573485501354569,9007199254740992,3374482863651179,2251799813685248,0
1,1,11238120695317,8796093022208,9007199254740991,9007199254740992,0
5124704172096727,40564819207303340847894502572032,2500636337263615,9007199254740992,1,1,0
1,2,2573485501354569,9007199254740992,-4516467054877269,9007199254740992,0
1,2,2573485501354569,9007199254740992,3374482863651179,2251799813685248,0
-178557702395777,81129638414606681695789005144064,1287637463602197,2251799813685248,1883714783975895,20282409603651670423947251286016,0
-217269143777413,20282409603651670423947251286016,7078874554574889,4503599627370496,9007199254740991,9007199254740992,0
1,2,2573485501354569,9007199254740992,3374482863651179,2251799813685248,0
0,1,2573485501354569,9007199254740992,8994331827234219,9007199254740992,0
-3063676213680001,81129638414606681695789005144064,5001272674527229,18014398509481984,7537003452633323,162259276829213363391578010288128,0
-4506723707108689,162259276829213363391578010288128,11238120695317,8796093022208,1,1,0
1,2,2573485501354569,9007199254740992,3374482863651179,2251799813685248,0
0,1,2573485501354569,9007199254740992,8994331827234219,9007199254740992,0
-178557702395777,81129638414606681695789005144064,1287637463602197,2251799813685248,1883714783975895,20282409603651670423947251286016,0
-518631090265169,20282409603651670423947251286016,3539437277287445,2251799813685248,-4658103007526679,40564819207303340847894502572032,0
1,2,2573485501354569,9007199254740992,-4516467054877269,9007199254740992,0
0,1,2573485501354569,9007199254740992,8994331827234219,9007199254740992,0
-3063676213680001,81129638414606681695789005144064,5001272674527229,18014398509481984,7537003452633323,162259276829213363391578010288128,0
44318863156143,20282409603651670423947251286016,5753917796002303,4503599627370496,-2206453937303325,10141204801825835211973625643008,0
1,2,2573485501354569,9007199254740992,-4516467054877269,9007199254740992,0
0,1,2573485501354569,9007199254740992,8994331827234219,9007199254740992,0
1,1,1287637463602197,2251799813685248,1,1,0
-178557702395777,81129638414606681695789005144064,1287637463602197,2251799813685248,1883714783975895,20282409603651670423947251286016,0
1,2,2573485501354569,9007199254740992,3374482863651179,2251799813685248,0
0,1,2573485501354569,9007199254740992,8994331827234219,9007199254740992,0
1,1,5001272674527231,18014398509481984,9007199254740991,9007199254740992,0
-3063676213680001,81129638414606681695789005144064,5001272674527229,18014398509481984,7537003452633323,162259276829213363391578010288128,0
1,2,2573485501354569,9007199254740992,3374482863651179,2251799813685248,0
0,1,2573485501354569,9007199254740992,8994331827234219,9007199254740992,0
1,1,3539437277287445,2251799813685248,9007199254740991,9007199254740992,0
4110600871924547,81129638414606681695789005144064,5150549854408789,9007199254740992,9007199254740991,9007199254740992,0
3,2,2573485501354569,9007199254740992,4490732199863723,9007199254740992,0
1,1,2573485501354569,9007199254740992,8994331827234219,9007199254740992,0
1,1,11238120695317,8796093022208,9007199254740991,9007199254740992,0
5124704172096727,40564819207303340847894502572032,2500636337263615,9007199254740992,1,1,0
3,2,2573485501354569,9007199254740992,4490732199863723,9007199254740992,0
1,1,2573485501354569,9007199254740992,8994331827234219,9007199254740992,0
1,1,1287637463602197,2251799813685248,1,1,1
4110600871924547,81129638414606681695789005144064,5150549854408789,9007199254740992,9007199254740991,9007199254740992,1
1,2,2573485501354569,9007199254740992,3374482863651179,2251799813685248,1
0,1,2573485501354569,9007199254740992,8994331827234219,9007199254740992,1
1,1,5001272674527231,18014398509481984,9007199254740991,9007199254740992,1
5124704172096727,40564819207303340847894502572032,2500636337263615,9007199254740992,1,1,1
1,2,2573485501354569,9007199254740992,3374482863651179,2251799813685248,1
0,1,2573485501354569,9007199254740992,8994331827234219,9007199254740992,1
-178557702395777,81129638414606681695789005144064,1287637463602197,2251799813685248,1883714783975895,20282409603651670423947251286016,0
-217269143777413,20282409603651670423947251286016,7078874554574889,4503599627370496,9007199254740991,9007199254740992,0
1,2,2573485501354569,9007199254740992,-4516467054877269,9007199254740992,0
0,1,2573485501354569,9007199254740992,8994331827234219,9007199254740992,0
-3063676213680001,81129638414606681695789005144064,5001272674527229,18014398509481984,7537003452633323,162259276829213363391578010288128,0
-4506723707108689,162259276829213363391578010288128,11238120695317,8796093022208,1,1,0
1,2,2573485501354569,9007199254740992,-4516467054877269,9007199254740992,0
0,1,2573485501354569,9007199254740992,8994331827234219,9007199254740992,0
1,1,5150549854408787,9007199254740992,-1592518156610665,20282409603651670423947251286016,1
-178557702395777,81129638414606681695789005144064,1287637463602197,2251799813685248,1883714783975895,20282409603651670423947251286016,1
1,2,2573485501354569,9007199254740992,-4516467054877269,9007199254740992,1
0,1,2573485501354569,9007199254740992,8994331827234219,9007199254740992,1
1,1,5001272674527227,18014398509481984,-18138484381021,10141204801825835211973625643008,1
-3063676213680001,81129638414606681695789005144064,5001272674527229,18014398509481984,7537003452633323,162259276829213363391578010288128,1
1,2,2573485501354569,9007199254740992,-4516467054877269,9007199254740992,1
0,1,2573485501354569,9007199254740992,8994331827234219,9007199254740992,1
1,1,3539437277287445,2251799813685248,9007199254740991,9007199254740992,0
4110600871924547,81129638414606681695789005144064,5150549854408789,9007199254740992,9007199254740991,9007199254740992,0
0,1,2573485501354569,9007199254740992,8994331827234219,9007199254740992,0
-1,2,2573485501354569,9007199254740992,3374482863651179,2251799813685248,0
1,1,11238120695317,8796093022208,9007199254740991,9007199254740992,0
5124704172096727,40564819207303340847894502572032,2500636337263615,9007199254740992,1,1,0
0,1,2573485501354569,9007199254740992,8994331827234219,9007199254740992,0
-1,2,2573485501354569,9007199254740992,3374482863651179,2251799813685248,0
1,1,5150549854408787,9007199254740992,-1592518156610665,20282409603651670423947251286016,1
-178557702395777,81129638414606681695789005144064,1287637463602197,2251799813685248,1883714783975895,20282409603651670423947251286016,1
1,2,2573485501354569,9007199254740992,-4516467054877269,9007199254740992,1
1,1,2573485501354569,9007199254740992,8994331827234219,9007199254740992,1
1,1,5001272674527227,18014398509481984,-18138484381021,10141204801825835211973625643008,1
-3063676213680001,81129638414606681695789005144064,5001272674527229,18014398509481984,7537003452633323,162259276829213363391578010288128,1
1,2,2573485501354569,9007199254740992,-4516467054877269,9007199254740992,1
1,1,2573485501354569,9007199254740992,8994331827234219,9007199254740992,1
-217269143777413,20282409603651670423947251286016,7078874554574889,4503599627370496,9007199254740991,9007199254740992,0
4110600871924547,81129638414606681695789005144064,5150549854408789,9007199254740992,9007199254740991,9007199254740992,0
0,1,2573485501354569,9007199254740992,8994331827234219,9007199254740992,0
-1,2,2573485501354569,9007199254740992,3374482863651179,2251799813685248,0
-4506723707108689,162259276829213363391578010288128,11238120695317,8796093022208,1,1,0
5124704172096727,40564819207303340847894502572032,2500636337263615,9007199254740992,1,1,0
0,1,2573485501354569,9007199254740992,8994331827234219,9007199254740992,0
-1,2,2573485501354569,9007199254740992,3374482863651179,2251799813685248,0
1,1,5150549854408787,9007199254740992,-1592518156610665,20282409603651670423947251286016,1
1,1,1287637463602197,2251799813685248,1,1,1
1,2,2573485501354569,9007199254740992,-4516467054877269,9007199254740992,1
1,1,2573485501354569,9007199254740992,8994331827234219,9007199254740992,1
1,1,5001272674527227,18014398509481984,-18138484381021,10141204801825835211973625643008,1
1,1,5001272674527231,18014398509481984,9007199254740991,9007199254740992,1
1,2,2573485501354569,9007199254740992,-4516467054877269,9007199254740992,1
1,1,2573485501354569,9007199254740992,8994331827234219,9007199254740992,1
1,1,1287637463602197,2251799813685248,1,1,1
-178557702395777,81129638414606681695789005144064,1287637463602197,2251799813685248,1883714783975895,20282409603651670423947251286016,1
1,2,2573485501354569,9007199254740992,-4516467054877269,9007199254740992,1
0,1,2573485501354569,9007199254740992,8994331827234219,9007199254740992,1
1,1,5001272674527231,18014398509481984,9007199254740991,9007199254740992,1
-3063676213680001,81129638414606681695789005144064,5001272674527229,18014398509481984,7537003452633323,162259276829213363391578010288128,1
1,2,2573485501354569,9007199254740992,-4516467054877269,9007199254740992,1
0,1,2573485501354569,9007199254740992,8994331827234219,9007199254740992,1
-178557702395777,81129638414606681695789005144064,1287637463602197,2251799813685248,1883714783975895,20282409603651670423947251286016,0
-217269143777413,20282409603651670423947251286016,7078874554574889,4503599627370496,9007199254740991,9007199254740992,0
0,1,2573485501354569,9007199254740992,8994331827234219,9007199254740992,0
-1,2,2573485501354569,9007199254740992,4490732199863723,9007199254740992,0
-3063676213680001,81129638414606681695789005144064,5001272674527229,18014398509481984,7537003452633323,162259276829213363391578010288128,0
-4506723707108689,162259276829213363391578010288128,11238120695317,8796093022208,1,1,0
0,1,2573485501354569,9007199254740992,8994331827234219,9007199254740992,0
-1,2,2573485501354569,9007199254740992,4490732199863723,9007199254740992,0
4110600871924547,81129638414606681695789005144064,5150549854408789,9007199254740992,9007199254740991,9007199254740992,1
-178557702395777,81129638414606681695789005144064,1287637463602197,2251799813685248,1883714783975895,20282409603651670423947251286016,1
1,2,2573485501354569,9007199254740992,3374482863651179,2251799813685248,1
0,1,2573485501354569,9007199254740992,8994331827234219,9007199254740992,1
5124704172096727,40564819207303340847894502572032,2500636337263615,9007199254740992,1,1,1
-3063676213680001,81129638414606681695789005144064,5001272674527229,18014398509481984,7537003452633323,162259276829213363391578010288128,1
1,2,2573485501354569,9007199254740992,3374482863651179,2251799813685248,1
0,1,2573485501354569,9007199254740992,8994331827234219,9007199254740992,1
1,1,1287637463602197,2251799813685248,1,1,0
4110600871924547,81129638414606681695789005144064,5150549854408789,9007199254740992,9007199254740991,9007199254740992,0
1,2,2573485501354569,9007199254740992,-4516467054877269,9007199254740992,0
0,1,2573485501354569,9007199254740992,8994331827234219,9007199254740992,0
1,1,5001272674527231,18014398509481984,9007199254740991,9007199254740992,0
5124704172096727,40564819207303340847894502572032,2500636337263615,9007199254740992,1,1,0
1,2,2573485501354569,9007199254740992,-4516467054877269,9007199254740992,0
0,1,2573485501354569,9007199254740992,8994331827234219,9007199254740992,0
1,1,1287637463602197,2251799813685248,1,1,0
-178557702395777,81129638414606681695789005144064,1287637463602197,2251799813685248,1883714783975895,20282409603651670423947251286016,0
0,1,2573485501354569,9007199254740992,8994331827234219,9007199254740992,0
-1,2,2573485501354569,9007199254740992,4490732199863723,9007199254740992,0
1,1,5001272674527231,18014398509481984,9007199254740991,9007199254740992,0
-3063676213680001,81129638414606681695789005144064,5001272674527229,18014398509481984,7537003452633323,162259276829213363391578010288128,0
0,1,2573485501354569,9007199254740992,8994331827234219,9007199254740992,0
-1,2,2573485501354569,9007199254740992,4490732199863723,9007199254740992,0
4110600871924547,81129638414606681695789005144064,5150549854408789,9007199254740992,9007199254740991,9007199254740992,1
-178557702395777,81129638414606681695789005144064,1287637463602197,2251799813685248,1883714783975895,20282409603651670423947251286016,1
1,2,2573485501354569,9007199254740992,-4516467054877269,9007199254740992,1
0,1,2573485501354569,9007199254740992,8994331827234219,9007199254740992,1
5124704172096727,40564819207303340847894502572032,2500636337263615,9007199254740992,1,1,1
-3063676213680001,81129638414606681695789005144064,5001272674527229,18014398509481984,7537003452633323,162259276829213363391578010288128,1
1,2,2573485501354569,9007199254740992,-4516467054877269,9007199254740992,1
0,1,2573485501354569,9007199254740992,8994331827234219,9007199254740992,1
1,1,3539437277287445,2251799813685248,9007199254740991,9007199254740992,1
4110600871924547,81129638414606681695789005144064,5150549854408789,9007199254740992,9007199254740991,9007199254740992,1
1,2,2573485501354569,9007199254740992,3374482863651179,2251799813685248,1
0,1,2573485501354569,9007199254740992,8994331827234219,9007199254740992,1
1,1,11238120695317,8796093022208,9007199254740991,9007199254740992,1
5124704172096727,40564819207303340847894502572032,2500636337263615,9007199254740992,1,1,1
1,2,2573485501354569,9007199254740992,3374482863651179,2251799813685248,1
0,1,2573485501354569,9007199254740992,8994331827234219,9007199254740992,1
1,1,1287637463602197,2251799813685248,1,1,0
4110600871924547,81129638414606681695789005144064,5150549854408789,9007199254740992,9007199254740991,9007199254740992,0
0,1,2573485501354569,9007199254740992,8994331827234219,9007199254740992,0
-1,2,2573485501354569,9007199254740992,4490732199863723,9007199254740992,0
1,1,5001272674527231,18014398509481984,9007199254740991,9007199254740992,0
5124704172096727,40564819207303340847894502572032,2500636337263615,9007199254740992,1,1,0
0,1,2573485501354569,9007199254740992,8994331827234219,9007199254740992,0
-1,2,2573485501354569,9007199254740992,4490732199863723,9007199254740992,0
1,1,3539437277287445,2251799813685248,-8971411676418883,324518553658426726783156020576256,0
-178557702395777,81129638414606681695789005144064,1287637463602197,2251799813685248,1883714783975895,20282409603651670423947251286016,0
1,2,2573485501354569,9007199254740992,-4516467054877269,9007199254740992,0
0,1,2573485501354569,9007199254740992,8994331827234219,9007199254740992,0
1,1,11238120695317,8796093022208,-6851976642265935,40564819207303340847894502572032,0
-3063676213680001,81129638414606681695789005144064,5001272674527229,18014398509481984,7537003452633323,162259276829213363391578010288128,0
1,2,2573485501354569,9007199254740992,-4516467054877269,9007199254740992,0
0,1,2573485501354569,9007199254740992,8994331827234219,9007199254740992,0
1,1,5150549854408787,9007199254740992,-1592518156610665,20282409603651670423947251286016,0
1,1,3539437277287445,2251799813685248,9007199254740991,9007199254740992,0
1,2,2573485501354569,9007199254740992,-4516467054877269,9007199254740992,0
1,1,2573485501354569,9007199254740992,8994331827234219,9007199254740992,0
1,1,5001272674527227,18014398509481984,-18138484381021,10141204801825835211973625643008,0
1,1,11238120695317,8796093022208,9007199254740991,9007199254740992,0
1,2,2573485501354569,9007199254740992,-4516467054877269,9007199254740992,0
1,1,2573485501354569,9007199254740992,8994331827234219,9007199254740992,0
1,1,1287637463602197,2251799813685248,1,1,0
-178557702395777,81129638414606681695789005144064,1287637463602197,2251799813685248,1883714783975895,20282409603651670423947251286016,0
1,2,2573485501354569,9007199254740992,-4516467054877269,9007199254740992,0
1,1,2573485501354569,9007199254740992,8994331827234219,9007199254740992,0
1,1,5001272674527231,18014398509481984,9007199254740991,9007199254740992,0
-3063676213680001,81129638414606681695789005144064,5001272674527229,18014398509481984,7537003452633323,162259276829213363391578010288128,0
1,2,2573485501354569,9007199254740992,-4516467054877269,9007199254740992,0
1,1,2573485501354569,9007199254740992,8994331827234219,9007199254740992,0
-217269143777413,20282409603651670423947251286016,7078874554574889,4503599627370496,9007199254740991,9007199254740992,0
4110600871924547,81129638414606681695789005144064,5150549854408789,9007199254740992,9007199254740991,9007199254740992,0
1,2,2573485501354569,9007199254740992,3374482863651179,2251799813685248,0
0,1,2573485501354569,9007199254740992,8994331827234219,9007199254740992,0
-4506723707108689,162259276829213363391578010288128,11238120695317,8796093022208,1,1,0
5124704172096727,40564819207303340847894502572032,2500636337263615,9007199254740992,1,1,0
1,2,2573485501354569,9007199254740992,3374482863651179,2251799813685248,0
0,1,2573485501354569,9007199254740992,8994331827234219,9007199254740992,0
1,1,1287637463602197,2251799813685248,1,1,0
4110600871924547,81129638414606681695789005144064,5150549854408789,9007199254740992,9007199254740991,9007199254740992,0
1,2,2573485501354569,9007199254740992,-4516467054877269,9007199254740992,0
1,1,2573485501354569,9007199254740992,8994331827234219,9007199254740992,0
1,1,5001272674527231,18014398509481984,9007199254740991,9007199254740992,0
5124704172096727,40564819207303340847894502572032,2500636337263615,9007199254740992,1,1,0
1,2,2573485501354569,9007199254740992,-4516467054877269,9007199254740992,0
1,1,2573485501354569,9007199254740992,8994331827234219,9007199254740992,0
4110600871924547,81129638414606681695789005144064,5150549854408789,9007199254740992,9007199254740991,9007199254740992,0
-178557702395777,81129638414606681695789005144064,1287637463602197,2251799813685248,1883714783975895,20282409603651670423947251286016,0
0,1,2573485501354569,9007199254740992,8994331827234219,9007199254740992,0
-1,2,2573485501354569,9007199254740992,4490732199863723,9007199254740992,0
5124704172096727,40564819207303340847894502572032,2500636337263615,9007199254740992,1,1,0
-3063676213680001,81129638414606681695789005144064,5001272674527229,18014398509481984,7537003452633323,162259276829213363391578010288128,0
0,1,2573485501354569,9007199254740992,8994331827234219,9007199254740992,0
-1,2,2573485501354569,9007199254740992,4490732199863723,9007199254740992,0
1,1,3539437277287445,2251799813685248,9007199254740991,9007199254740992,0
4110600871924547,81129638414606681695789005144064,5150549854408789,9007199254740992,9007199254740991,9007199254740992,0
1,2,2573485501354569,9007199254740992,-4516467054877269,9007199254740992,0
0,1,2573485501354569,9007199254740992,8994331827234219,9007199254740992,0
1,1,11238120695317,8796093022208,9007199254740991,9007199254740992,0
5124704172096727,40564819207303340847894502572032,2500636337263615,9007199254740992,1,1,0
1,2,2573485501354569,9007199254740992,-4516467054877269,9007199254740992,0
0,1,2573485501354569,9007199254740992,8994331827234219,9007199254740992,0
1,1,5150549854408787,9007199254740992,-1592518156610665,20282409603651670423947251286016,1
1,1,1287637463602197,2251799813685248,1,1,1
1,1,2573485501354569,9007199254740992,8994331827234219,9007199254740992,1
1,2,2573485501354569,9007199254740992,3374482863651179,2251799813685248,1
1,1,5001272674527227,18014398509481984,-18138484381021,10141204801825835211973625643008,1
1,1,5001272674527231,18014398509481984,9007199254740991,9007199254740992,1
1,1,2573485501354569,9007199254740992,8994331827234219,9007199254740992,1
1,2,2573485501354569,9007199254740992,3374482863651179,2251799813685248,1
1,1,3539437277287445,2251799813685248,9007199254740991,9007199254740992,0
4110600871924547,81129638414606681695789005144064,5150549854408789,9007199254740992,9007199254740991,9007199254740992,0
0,1,2573485501354569,9007199254740992,8994331827234219,9007199254740992,0
-1,2,2573485501354569,9007199254740992,4490732199863723,9007199254740992,0
1,1,11238120695317,8796093022208,9007199254740991,9007199254740992,0
5124704172096727,40564819207303340847894502572032,2500636337263615,9007199254740992,1,1,0
0,1,2573485501354569,9007199254740992,8994331827234219,9007199254740992,0
-1,2,2573485501354569,9007199254740992,4490732199863723,9007199254740992,0
-217269143777413,20282409603651670423947251286016,7078874554574889,4503599627370496,9007199254740991,9007199254740992,0
4110600871924547,81129638414606681695789005144064,5150549854408789,9007199254740992,9007199254740991,9007199254740992,0
1,2,2573485501354569,9007199254740992,-4516467054877269,9007199254740992,0
0,1,2573485501354569,9007199254740992,8994331827234219,9007199254740992,0
-4506723707108689,162259276829213363391578010288128,11238120695317,8796093022208,1,1,0
5124704172096727,40564819207303340847894502572032,2500636337263615,9007199254740992,1,1,0
1,2,2573485501354569,9007199254740992,-4516467054877269,9007199254740992,0
0,1,2573485501354569,9007199254740992,8994331827234219,9007199254740992,0
1,1,3539437277287445,2251799813685248,-8971411676418883,324518553658426726783156020576256,0
-178557702395777,81129638414606681695789005144064,1287637463602197,2251799813685248,1883714783975895,20282409603651670423947251286016,0
1,2,2573485501354569,9007199254740992,-4516467054877269,9007199254740992,0
1,1,2573485501354569,9007199254740992,8994331827234219,9007199254740992,0
1,1,11238120695317,8796093022208,-6851976642265935,40564819207303340847894502572032,0
-3063676213680001,81129638414606681695789005144064,5001272674527229,18014398509481984,7537003452633323,162259276829213363391578010288128,0
1,2,2573485501354569,9007199254740992,-4516467054877269,9007199254740992,0
1,1,2573485501354569,9007199254740992,8994331827234219,9007199254740992,0
1,1,5150549854408787,9007199254740992,-1592518156610665,20282409603651670423947251286016,0
1,1,3539437277287445,2251799813685248,9007199254740991,9007199254740992,0
1,1,2573485501354569,9007199254740992,8994331827234219,9007199254740992,0
1,2,2573485501354569,9007199254740992,3374482863651179,2251799813685248,0
1,1,5001272674527227,18014398509481984,-18138484381021,10141204801825835211973625643008,0
1,1,11238120695317,8796093022208,9007199254740991,9007199254740992,0
1,1,2573485501354569,9007199254740992,8994331827234219,9007199254740992,0
1,2,2573485501354569,9007199254740992,3374482863651179,2251799813685248,0
1,1,1287637463602197,2251799813685248,1,1,1
-178557702395777,81129638414606681695789005144064,1287637463602197,2251799813685248,1883714783975895,20282409603651670423947251286016,1
1,1,2573485501354569,9007199254740992,8994331827234219,9007199254740992,1
1,2,2573485501354569,9007199254740992,3374482863651179,2251799813685248,1
1,1,5001272674527231,18014398509481984,9007199254740991,9007199254740992,1
-3063676213680001,81129638414606681695789005144064,5001272674527229,18014398509481984,7537003452633323,162259276829213363391578010288128,1
1,1,2573485501354569,9007199254740992,8994331827234219,9007199254740992,1
1,2,2573485501354569,9007199254740992,3374482863651179,2251799813685248,1
1,1,1287637463602197,2251799813685248,1,1,1
4110600871924547,81129638414606681695789005144064,5150549854408789,9007199254740992,9007199254740991,9007199254740992,1
1,1,2573485501354569,9007199254740992,8994331827234219,9007199254740992,1
1,2,2573485501354569,9007199254740992,3374482863651179,2251799813685248,1
1,1,5001272674527231,18014398509481984,9007199254740991,9007199254740992,1
5124704172096727,40564819207303340847894502572032,2500636337263615,9007199254740992,1,1,1
1,1,2573485501354569,9007199254740992,8994331827234219,9007199254740992,1
1,2,2573485501354569,9007199254740992,3374482863651179,2251799813685248,1
1,1,3539437277287445,2251799813685248,9007199254740991,9007199254740992,0
1,1,1287637463602197,2251799813685248,1,1,0
1,1,2573485501354569,9007199254740992,8994331827234219,9007199254740992,0
1,2,2573485501354569,9007199254740992,3374482863651179,2251799813685248,0
1,1,11238120695317,8796093022208,9007199254740991,9007199254740992,0
1,1,5001272674527231,18014398509481984,9007199254740991,9007199254740992,0
1,1,2573485501354569,9007199254740992,8994331827234219,9007199254740992,0
1,2,2573485501354569,9007199254740992,3374482863651179,2251799813685248,0
1,1,3539437277287445,2251799813685248,9007199254740991,9007199254740992,0
4110600871924547,81129638414606681695789005144064,5150549854408789,9007199254740992,9007199254740991,9007199254740992,0
1,1,2573485501354569,9007199254740992,8994331827234219,9007199254740992,0
1,2,2573485501354569,9007199254740992,3374482863651179,2251799813685248,0
1,1,11238120695317,8796093022208,9007199254740991,9007199254740992,0
5124704172096727,40564819207303340847894502572032,2500636337263615,9007199254740992,1,1,0
1,1,2573485501354569,9007199254740992,8994331827234219,9007199254740992,0
1,2,2573485501354569,9007199254740992,3374482863651179,2251799813685248,0
-217269143777413,20282409603651670423947251286016,7078874554574889,4503599627370496,9007199254740991,9007199254740992,0
4110600871924547,81129638414606681695789005144064,5150549854408789,9007199254740992,9007199254740991,9007199254740992,0
0,1,2573485501354569,9007199254740992,8994331827234219,9007199254740992,0
-1,2,2573485501354569,9007199254740992,4490732199863723,9007199254740992,0
-4506723707108689,162259276829213363391578010288128,11238120695317,8796093022208,1,1,0
5124704172096727,40564819207303340847894502572032,2500636337263615,9007199254740992,1,1,0
0,1,2573485501354569,9007199254740992,8994331827234219,9007199254740992,0
-1,2,2573485501354569,9007199254740992,4490732199863723,9007199254740992,0
1,1,3539437277287445,2251799813685248,-8971411676418883,324518553658426726783156020576256,0
1,1,5150549854408787,9007199254740992,-1592518156610665,20282409603651670423947251286016,0
1,2,2573485501354569,9007199254740992,-4516467054877269,9007199254740992,0
1,1,2573485501354569,9007199254740992,8994331827234219,9007199254740992,0
1,1,11238120695317,8796093022208,-6851976642265935,40564819207303340847894502572032,0
1,1,5001272674527227,18014398509481984,-18138484381021,10141204801825835211973625643008,0
1,2,2573485501354569,9007199254740992,-4516467054877269,9007199254740992,0
1,1,2573485501354569,9007199254740992,8994331827234219,9007199254740992,0
1,1,3539437277287445,2251799813685248,9007199254740991,9007199254740992,0
1,1,1287637463602197,2251799813685248,1,1,0
1,2,2573485501354569,9007199254740992,-4516467054877269,9007199254740992,0
1,1,2573485501354569,9007199254740992,8994331827234219,9007199254740992,0
1,1,11238120695317,8796093022208,9007199254740991,9007199254740992,0
1,1,5001272674527231,18014398509481984,9007199254740991,9007199254740992,0
1,2,2573485501354569,9007199254740992,-4516467054877269,9007199254740992,0
1,1,2573485501354569,9007199254740992,8994331827234219,9007199254740992,0
1,1,3539437277287445,2251799813685248,9007199254740991,9007199254740992,0
4110600871924547,81129638414606681695789005144064,5150549854408789,9007199254740992,9007199254740991,9007199254740992,0
1,2,2573485501354569,9007199254740992,-4516467054877269,9007199254740992,0
1,1,2573485501354569,9007199254740992,8994331827234219,9007199254740992,0
1,1,11238120695317,8796093022208,9007199254740991,9007199254740992,0
5124704172096727,40564819207303340847894502572032,2500636337263615,9007199254740992,1,1,0
1,2,2573485501354569,9007199254740992,-4516467054877269,9007199254740992,0
1,1,2573485501354569,9007199254740992,8994331827234219,9007199254740992,0
-178557702395777,81129638414606681695789005144064,1287637463602197,2251799813685248,1883714783975895,20282409603651670423947251286016,0
-217269143777413,20282409603651670423947251286016,7078874554574889,4503599627370496,9007199254740991,9007199254740992,0
-518631090265169,20282409603651670423947251286016,3539437277287445,2251799813685248,-4658103007526679,40564819207303340847894502572032,0
1,1,3539437277287445,2251799813685248,9007199254740991,9007199254740992,0
-3063676213680001,81129638414606681695789005144064,5001272674527229,18014398509481984,7537003452633323,162259276829213363391578010288128,0
-4506723707108689,162259276829213363391578010288128,11238120695317,8796093022208,1,1,0
44318863156143,20282409603651670423947251286016,5753917796002303,4503599627370496,-2206453937303325,10141204801825835211973625643008,0
1,1,11238120695317,8796093022208,9007199254740991,9007199254740992,0
1,1,5150549854408787,9007199254740992,-1592518156610665,20282409603651670423947251286016,0
1,1,1287637463602197,2251799813685248,1,1,0
1,1,3539437277287445,2251799813685248,9007199254740991,9007199254740992,0
4110600871924547,81129638414606681695789005144064,5150549854408789,9007199254740992,9007199254740991,9007199254740992,0
1,1,5001272674527227,18014398509481984,-18138484381021,10141204801825835211973625643008,0
1,1,5001272674527231,18014398509481984,9007199254740991,9007199254740992,0
1,1,11238120695317,8796093022208,9007199254740991,9007199254740992,0
5124704172096727,40564819207303340847894502572032,2500636337263615,9007199254740992,1,1,0
-518631090265169,20282409603651670423947251286016,3539437277287445,2251799813685248,-4658103007526679,40564819207303340847894502572032,0
1,1,3539437277287445,2251799813685248,9007199254740991,9007199254740992,0
-217269143777413,20282409603651670423947251286016,7078874554574889,4503599627370496,9007199254740991,9007199254740992,0
4110600871924547,81129638414606681695789005144064,5150549854408789,9007199254740992,9007199254740991,9007199254740992,0
44318863156143,20282409603651670423947251286016,5753917796002303,4503599627370496,-2206453937303325,10141204801825835211973625643008,0
1,1,11238120695317,8796093022208,9007199254740991,9007199254740992,0
-4506723707108689,162259276829213363391578010288128,11238120695317,8796093022208,1,1,0
5124704172096727,40564819207303340847894502572032,2500636337263615,9007199254740992,1,1,0
1,1,5150549854408787,9007199254740992,-1592518156610665,20282409603651670423947251286016,0
1,1,3539437277287445,2251799813685248,9007199254740991,9007199254740992,0
1,1,1287637463602197,2251799813685248,1,1,0
4110600871924547,81129638414606681695789005144064,5150549854408789,9007199254740992,9007199254740991,9007199254740992,0
1,1,5001272674527227,18014398509481984,-18138484381021,10141204801825835211973625643008,0
1,1,11238120695317,8796093022208,9007199254740991,9007199254740992,0
1,1,5001272674527231,18014398509481984,9007199254740991,9007199254740992,0
5124704172096727,40564819207303340847894502572032,2500636337263615,9007199254740992,1,1,0
1,1,3539437277287445,2251799813685248,-8971411676418883,324518553658426726783156020576256,0
-178557702395777,81129638414606681695789005144064,1287637463602197,2251799813685248,1883714783975895,20282409603651670423947251286016,0
-217269143777413,20282409603651670423947251286016,7078874554574889,4503599627370496,9007199254740991,9007199254740992,0
-518631090265169,20282409603651670423947251286016,3539437277287445,2251799813685248,-4658103007526679,40564819207303340847894502572032,0
1,1,11238120695317,8796093022208,-6851976642265935,40564819207303340847894502572032,0
-3063676213680001,81129638414606681695789005144064,5001272674527229,18014398509481984,7537003452633323,162259276829213363391578010288128,0
-4506723707108689,162259276829213363391578010288128,11238120695317,8796093022208,1,1,0
44318863156143,20282409603651670423947251286016,5753917796002303,4503599627370496,-2206453937303325,10141204801825835211973625643008,0
1,1,5150549854408787,9007199254740992,-1592518156610665,20282409603651670423947251286016,0
1,1,1287637463602197,2251799813685248,1,1,0
1,1,3539437277287445,2251799813685248,-8971411676418883,324518553658426726783156020576256,0
-178557702395777,81129638414606681695789005144064,1287637463602197,2251799813685248,1883714783975895,20282409603651670423947251286016,0
1,1,5001272674527227,18014398509481984,-18138484381021,10141204801825835211973625643008,0
1,1,5001272674527231,18014398509481984,9007199254740991,9007199254740992,0
1,1,11238120695317,8796093022208,-6851976642265935,40564819207303340847894502572032,0
-3063676213680001,81129638414606681695789005144064,5001272674527229,18014398509481984,7537003452633323,162259276829213363391578010288128,0
1,1,5150549854408787,9007199254740992,-1592518156610665,20282409603651670423947251286016,0
1,1,3539437277287445,2251799813685248,9007199254740991,9007199254740992,0
-518631090265169,20282409603651670423947251286016,3539437277287445,2251799813685248,-4658103007526679,40564819207303340847894502572032,0
1,1,3539437277287445,2251799813685248,-8971411676418883,324518553658426726783156020576256,0
1,1,5001272674527227,18014398509481984,-18138484381021,10141204801825835211973625643008,0
1,1,11238120695317,8796093022208,9007199254740991,9007199254740992,0
44318863156143,20282409603651670423947251286016,5753917796002303,4503599627370496,-2206453937303325,10141204801825835211973625643008,0
1,1,11238120695317,8796093022208,-6851976642265935,40564819207303340847894502572032,0
1,1,5150549854408787,9007199254740992,-1592518156610665,20282409603651670423947251286016,0
1,1,3539437277287445,2251799813685248,9007199254740991,9007199254740992,0
1,1,3539437277287445,2251799813685248,-8971411676418883,324518553658426726783156020576256,0
-178557702395777,81129638414606681695789005144064,1287637463602197,2251799813685248,1883714783975895,20282409603651670423947251286016,0
1,1,5001272674527227,18014398509481984,-18138484381021,10141204801825835211973625643008,0
1,1,11238120695317,8796093022208,9007199254740991,9007199254740992,0
1,1,11238120695317,8796093022208,-6851976642265935,40564819207303340847894502572032,0
-3063676213680001,81129638414606681695789005144064,5001272674527229,18014398509481984,7537003452633323,162259276829213363391578010288128,0
1,1,1287637463602197,2251799813685248,1,1,0
-178557702395777,81129638414606681695789005144064,1287637463602197,2251799813685248,1883714783975895,20282409603651670423947251286016,0
1,1,3539437277287445,2251799813685248,9007199254740991,9007199254740992,0
4110600871924547,81129638414606681695789005144064,5150549854408789,9007199254740992,9007199254740991,9007199254740992,0
1,1,5001272674527231,18014398509481984,9007199254740991,9007199254740992,0
-3063676213680001,81129638414606681695789005144064,5001272674527229,18014398509481984,7537003452633323,162259276829213363391578010288128,0
1,1,11238120695317,8796093022208,9007199254740991,9007199254740992,0
5124704172096727,40564819207303340847894502572032,2500636337263615,9007199254740992,1,1,0
-518631090265169,20282409603651670423947251286016,3539437277287445,2251799813685248,-4658103007526679,40564819207303340847894502572032,0
1,1,3539437277287445,2251799813685248,9007199254740991,9007199254740992,0
1,1,3539437277287445,2251799813685248,-8971411676418883,324518553658426726783156020576256,0
1,1,5150549854408787,9007199254740992,-1592518156610665,20282409603651670423947251286016,0
44318863156143,20282409603651670423947251286016,5753917796002303,4503599627370496,-2206453937303325,10141204801825835211973625643008,0
1,1,11238120695317,8796093022208,9007199254740991,9007199254740992,0
1,1,11238120695317,8796093022208,-6851976642265935,40564819207303340847894502572032,0
1,1,5001272674527227,18014398509481984,-18138484381021,10141204801825835211973625643008,0
-518631090265169,20282409603651670423947251286016,3539437277287445,2251799813685248,-4658103007526679,40564819207303340847894502572032,0
1,1,3539437277287445,2251799813685248,9007199254740991,9007199254740992,0
1,1,3539437277287445,2251799813685248,-8971411676418883,324518553658426726783156020576256,0
-178557702395777,81129638414606681695789005144064,1287637463602197,2251799813685248,1883714783975895,20282409603651670423947251286016,0
44318863156143,20282409603651670423947251286016,5753917796002303,4503599627370496,-2206453937303325,10141204801825835211973625643008,0
1,1,11238120695317,8796093022208,9007199254740991,9007199254740992,0
1,1,11238120695317,8796093022208,-6851976642265935,40564819207303340847894502572032,0
-3063676213680001,81129638414606681695789005144064,5001272674527229,18014398509481984,7537003452633323,162259276829213363391578010288128,0
1,1,5150549854408787,9007199254740992,-1592518156610665,20282409603651670423947251286016,0
1,1,3539437277287445,2251799813685248,9007199254740991,9007199254740992,0
1,1,1287637463602197,2251799813685248,1,1,0
-178557702395777,81129638414606681695789005144064,1287637463602197,2251799813685248,1883714783975895,20282409603651670423947251286016,0
1,1,5001272674527227,18014398509481984,-18138484381021,10141204801825835211973625643008,0
1,1,11238120695317,8796093022208,9007199254740991,9007199254740992,0
1,1,5001272674527231,18014398509481984,9007199254740991,9007199254740992,0
-3063676213680001,81129638414606681695789005144064,5001272674527229,18014398509481984,7537003452633323,162259276829213363391578010288128,0
1,1,1287637463602197,2251799813685248,1,1,0
-178557702395777,81129638414606681695789005144064,1287637463602197,2251799813685248,1883714783975895,20282409603651670423947251286016,0
-217269143777413,20282409603651670423947251286016,7078874554574889,4503599627370496,9007199254740991,9007199254740992,0
4110600871924547,81129638414606681695789005144064,5150549854408789,9007199254740992,9007199254740991,9007199254740992,0
1,1,5001272674527231,18014398509481984,9007199254740991,9007199254740992,0
-3063676213680001,81129638414606681695789005144064,5001272674527229,18014398509481984,7537003452633323,162259276829213363391578010288128,0
-4506723707108689,162259276829213363391578010288128,11238120695317,8796093022208,1,1,0
5124704172096727,40564819207303340847894502572032,2500636337263615,9007199254740992,1,1,0
1,1,1544449185982711,4503599627370496,-1527005966027167,81129638414606681695789005144064,1
1,1,6177796743930847,18014398509481984,9007199254740991,9007199254740992,1
3,2,2573485501354569,9007199254740992,3374482863651179,2251799813685248,1
1,1,2573485501354569,9007199254740992,8994331827234219,9007199254740992,1
1,1,5001272674527225,18014398509481984,5191484117924315,162259276829213363391578010288128,1
4503599627370497,4503599627370496,2500636337263615,9007199254740992,4503599627370497,4503599627370496,1
3,2,2573485501354569,9007199254740992,3374482863651179,2251799813685248,1
1,1,2573485501354569,9007199254740992,8994331827234219,9007199254740992,1
-302900041993667,10141204801825835211973625643008,3088898371965423,9007199254740992,2302303199365281,40564819207303340847894502572032,0
-645216318525553,162259276829213363391578010288128,6048048813353207,4503599627370496,-3950306517691705,20282409603651670423947251286016,0
-1,2,2573485501354569,9007199254740992,4490732199863723,9007199254740992,0
1,2,2573485501354569,9007199254740992,-4516467054877269,9007199254740992,0
-903233390759363,10141204801825835211973625643008,2500636337263613,9007199254740992,4526713000298707,81129638414606681695789005144064,0
-7400615759581297,162259276829213363391578010288128,2876958898001151,2251799813685248,-1626537307868275,10141204801825835211973625643008,0
-1,2,2573485501354569,9007199254740992,4490732199863723,9007199254740992,0
1,2,2573485501354569,9007199254740992,-4516467054877269,9007199254740992,0
1,1,1544449185982711,4503599627370496,-1527005966027167,81129638414606681695789005144064,0
-302900041993667,10141204801825835211973625643008,3088898371965423,9007199254740992,2302303199365281,40564819207303340847894502572032,0
1,2,2573485501354569,9007199254740992,-4516467054877269,9007199254740992,0
3,2,2573485501354569,9007199254740992,4490732199863723,9007199254740992,0
1,1,5001272674527225,18014398509481984,5191484117924315,162259276829213363391578010288128,0
-903233390759363,10141204801825835211973625643008,2500636337263613,9007199254740992,4526713000298707,81129638414606681695789005144064,0
1,2,2573485501354569,9007199254740992,-4516467054877269,9007199254740992,0
3,2,2573485501354569,9007199254740992,4490732199863723,9007199254740992,0
-302900041993667,10141204801825835211973625643008,3088898371965423,9007199254740992,2302303199365281,40564819207303340847894502572032,0
-3892120649886711,162259276829213363391578010288128,756006101669151,562949953421312,1,1,0
-1,2,2573485501354569,9007199254740992,4490732199863723,9007199254740992,0
1,2,2573485501354569,9007199254740992,-4516467054877269,9007199254740992,0
-903233390759363,10141204801825835211973625643008,2500636337263613,9007199254740992,4526713000298707,81129638414606681695789005144064,0
4929722021471787,40564819207303340847894502572032,11238120695317,8796093022208,4503599627370495,4503599627370496,0
-1,2,2573485501354569,9007199254740992,4490732199863723,9007199254740992,0
1,2,2573485501354569,9007199254740992,-4516467054877269,9007199254740992,0
1,1,1544449185982711,4503599627370496,-1527005966027167,81129638414606681695789005144064,0
-302900041993667,10141204801825835211973625643008,3088898371965423,9007199254740992,2302303199365281,40564819207303340847894502572032,0
-1,2,2573485501354569,9007199254740992,4490732199863723,9007199254740992,0
1,2,2573485501354569,9007199254740992,-4516467054877269,9007199254740992,0
1,1,5001272674527225,18014398509481984,5191484117924315,162259276829213363391578010288128,0
-903233390759363,10141204801825835211973625643008,2500636337263613,9007199254740992,4526713000298707,81129638414606681695789005144064,0
-1,2,2573485501354569,9007199254740992,4490732199863723,9007199254740992,0
1,2,2573485501354569,9007199254740992,-4516467054877269,9007199254740992,0
