6004799503160661,18014398509481984,6993057989032551,4503599627370496,6004799503160661,18014398509481984,0
0,1,6993057989032551,4503599627370496,0,1,0
6004799503160661,36028797018963968,2489458361662055,4503599627370496,6004799503160665,36028797018963968,0
0,1,6993057989032551,4503599627370496,6004799503160661,18014398509481984,0
863189928579345,2251799813685248,6993057989032551,4503599627370496,6004799503160661,18014398509481984,0
0,1,6993057989032551,4503599627370496,0,1,0
6004799503160661,36028797018963968,2489458361662055,4503599627370496,6004799503160665,36028797018963968,0
0,1,6993057989032551,4503599627370496,6004799503160661,18014398509481984,0
6004799503160661,18014398509481984,6993057989032551,4503599627370496,6004799503160661,18014398509481984,0
0,1,6993057989032551,4503599627370496,0,1,0
6004799503160661,36028797018963968,2489458361662055,4503599627370496,6004799503160665,36028797018963968,0
6004799503160661,18014398509481984,6993057989032551,4503599627370496,0,1,0
863189928579345,2251799813685248,6993057989032551,4503599627370496,6004799503160661,18014398509481984,0
0,1,6993057989032551,4503599627370496,0,1,0
6004799503160661,36028797018963968,2489458361662055,4503599627370496,6004799503160665,36028797018963968,0
863189928579345,2251799813685248,6993057989032551,4503599627370496,0,1,0
863189928579345,2251799813685248,6993057989032551,4503599627370496,6004799503160661,18014398509481984,0
6004799503160661,36028797018963968,2489458361662055,4503599627370496,6004799503160665,36028797018963968,0
-9,2,607985949695017,1125899906842624,-11,2,0
11,2,607985949695017,1125899906842624,9,2,0
863189928579345,2251799813685248,6993057989032551,4503599627370496,6004799503160661,18014398509481984,0
7270629594872913,36028797018963968,1151974257888237,2251799813685248,6035031790577427,36028797018963968,0
-9,2,607985949695017,1125899906842624,-11,2,0
11,2,607985949695017,1125899906842624,9,2,0
6004799503160661,36028797018963968,2489458361662055,4503599627370496,6004799503160665,36028797018963968,0
863189928579345,2251799813685248,6993057989032551,4503599627370496,0,1,0
-9,2,607985949695017,1125899906842624,-11,2,0
11,2,607985949695017,1125899906842624,9,2,0
7270629594872913,36028797018963968,1151974257888237,2251799813685248,6035031790577427,36028797018963968,0
863189928579345,2251799813685248,6993057989032551,4503599627370496,0,1,0
-9,2,607985949695017,1125899906842624,-11,2,0
11,2,607985949695017,1125899906842624,9,2,0
6004799503160661,36028797018963968,2489458361662055,4503599627370496,6004799503160665,36028797018963968,0
0,1,6993057989032551,4503599627370496,0,1,0
-9,2,607985949695017,1125899906842624,-11,2,0
11,2,607985949695017,1125899906842624,9,2,0
7270629594872913,36028797018963968,1151974257888237,2251799813685248,6035031790577427,36028797018963968,0
1063902157037749,18014398509481984,6960178545260223,4503599627370496,-5750656549396947,9223372036854775808,0
-9,2,607985949695017,1125899906842624,-11,2,0
11,2,607985949695017,1125899906842624,9,2,0
6004799503160661,36028797018963968,2489458361662055,4503599627370496,6004799503160665,36028797018963968,0
0,1,6993057989032551,4503599627370496,6004799503160661,18014398509481984,0
-9,2,607985949695017,1125899906842624,-11,2,0
11,2,607985949695017,1125899906842624,9,2,0
7270629594872913,36028797018963968,1151974257888237,2251799813685248,6035031790577427,36028797018963968,0
2207511642730745,36028797018963968,3488449688283539,2251799813685248,376690110736097,1125899906842624,0
-9,2,607985949695017,1125899906842624,-11,2,0
11,2,607985949695017,1125899906842624,9,2,0
863189928579345,2251799813685248,6993057989032551,4503599627370496,6004799503160661,18014398509481984,0
0,1,6993057989032551,4503599627370496,0,1,0
6004799503160661,36028797018963968,2489458361662055,4503599627370496,6004799503160665,36028797018963968,0
0,1,6993057989032551,4503599627370496,6004799503160661,18014398509481984,0
863189928579345,2251799813685248,6993057989032551,4503599627370496,6004799503160661,18014398509481984,0
1063902157037749,18014398509481984,6960178545260223,4503599627370496,-5750656549396947,9223372036854775808,0
7270629594872913,36028797018963968,1151974257888237,2251799813685248,6035031790577427,36028797018963968,0
2207511642730745,36028797018963968,3488449688283539,2251799813685248,376690110736097,1125899906842624,0
863189928579345,2251799813685248,6993057989032551,4503599627370496,6004799503160661,18014398509481984,0
0,1,6993057989032551,4503599627370496,0,1,0
6004799503160661,36028797018963968,2489458361662055,4503599627370496,6004799503160665,36028797018963968,0
863189928579345,2251799813685248,6993057989032551,4503599627370496,0,1,0
863189928579345,2251799813685248,6993057989032551,4503599627370496,6004799503160661,18014398509481984,0
1063902157037749,18014398509481984,6960178545260223,4503599627370496,-5750656549396947,9223372036854775808,0
7270629594872913,36028797018963968,1151974257888237,2251799813685248,6035031790577427,36028797018963968,0
863189928579345,2251799813685248,6993057989032551,4503599627370496,0,1,0
863189928579345,2251799813685248,6993057989032551,4503599627370496,6004799503160661,18014398509481984,0
6318760906384939,36028797018963968,4886893422712931,9007199254740992,6012297959266419,36028797018963968,0
-9,2,607985949695017,1125899906842624,-11,2,0
11,2,607985949695017,1125899906842624,9,2,0
863189928579345,2251799813685248,6993057989032551,4503599627370496,6004799503160661,18014398509481984,0
7356778932272843,36028797018963968,4705741230526957,9007199254740992,3042131381269191,18014398509481984,0
-9,2,607985949695017,1125899906842624,-11,2,0
11,2,607985949695017,1125899906842624,9,2,0
6318760906384939,36028797018963968,4886893422712931,9007199254740992,6012297959266419,36028797018963968,0
863189928579345,2251799813685248,6993057989032551,4503599627370496,0,1,0
-9,2,607985949695017,1125899906842624,-11,2,0
11,2,607985949695017,1125899906842624,9,2,0
7356778932272843,36028797018963968,4705741230526957,9007199254740992,3042131381269191,18014398509481984,0
863189928579345,2251799813685248,6993057989032551,4503599627370496,0,1,0
-9,2,607985949695017,1125899906842624,-11,2,0
11,2,607985949695017,1125899906842624,9,2,0
6318760906384939,36028797018963968,4886893422712931,9007199254740992,6012297959266419,36028797018963968,0
4222041694901819,288230376151711744,6984902963826893,4503599627370496,-5705297137524427,36893488147419103232,0
-9,2,607985949695017,1125899906842624,-11,2,0
11,2,607985949695017,1125899906842624,9,2,0
7356778932272843,36028797018963968,4705741230526957,9007199254740992,3042131381269191,18014398509481984,0
3938869222566927,72057594037927936,3476410097662081,2251799813685248,3539722631331595,36893488147419103232,0
-9,2,607985949695017,1125899906842624,-11,2,0
11,2,607985949695017,1125899906842624,9,2,0
6318760906384939,36028797018963968,4886893422712931,9007199254740992,6012297959266419,36028797018963968,0
8760397876756741,576460752303423488,6989050199458711,4503599627370496,751289526283719,2251799813685248,0
-9,2,607985949695017,1125899906842624,-11,2,0
11,2,607985949695017,1125899906842624,9,2,0
7356778932272843,36028797018963968,4705741230526957,9007199254740992,3042131381269191,18014398509481984,0
4023101165415321,72057594037927936,6971557838547333,4503599627370496,6012895801232969,18014398509481984,0
-9,2,607985949695017,1125899906842624,-11,2,0
11,2,607985949695017,1125899906842624,9,2,0
863189928579345,2251799813685248,6993057989032551,4503599627370496,6004799503160661,18014398509481984,0
4222041694901819,288230376151711744,6984902963826893,4503599627370496,-5705297137524427,36893488147419103232,0
6318760906384939,36028797018963968,4886893422712931,9007199254740992,6012297959266419,36028797018963968,0
8760397876756741,576460752303423488,6989050199458711,4503599627370496,751289526283719,2251799813685248,0
863189928579345,2251799813685248,6993057989032551,4503599627370496,6004799503160661,18014398509481984,0
3938869222566927,72057594037927936,3476410097662081,2251799813685248,3539722631331595,36893488147419103232,0
7356778932272843,36028797018963968,4705741230526957,9007199254740992,3042131381269191,18014398509481984,0
4023101165415321,72057594037927936,6971557838547333,4503599627370496,6012895801232969,18014398509481984,0
863189928579345,2251799813685248,6993057989032551,4503599627370496,6004799503160661,18014398509481984,0
4222041694901819,288230376151711744,6984902963826893,4503599627370496,-5705297137524427,36893488147419103232,0
6318760906384939,36028797018963968,4886893422712931,9007199254740992,6012297959266419,36028797018963968,0
863189928579345,2251799813685248,6993057989032551,4503599627370496,0,1,0
863189928579345,2251799813685248,6993057989032551,4503599627370496,6004799503160661,18014398509481984,0
3938869222566927,72057594037927936,3476410097662081,2251799813685248,3539722631331595,36893488147419103232,0
7356778932272843,36028797018963968,4705741230526957,9007199254740992,3042131381269191,18014398509481984,0
863189928579345,2251799813685248,6993057989032551,4503599627370496,0,1,0
863189928579345,2251799813685248,6993057989032551,4503599627370496,6004799503160661,18014398509481984,0
2696906539064911,144115188075855872,6981643425849749,4503599627370496,-4766023675713557,36893488147419103232,0
6424221230859557,36028797018963968,4868488762590695,9007199254740992,1504902355834953,9007199254740992,0
2785066504966021,144115188075855872,3493636507233111,2251799813685248,1502644572744643,4503599627370496,0
863189928579345,2251799813685248,6993057989032551,4503599627370496,6004799503160661,18014398509481984,0
911873350445977,18014398509481984,1740344895927375,1125899906842624,-2555428484612151,9223372036854775808,0
3651227752529695,18014398509481984,2426829087313577,4503599627370496,6071685396846431,36028797018963968,0
7575603107038745,144115188075855872,3487522873013747,2251799813685248,6028290553943963,18014398509481984,0
863189928579345,2251799813685248,6993057989032551,4503599627370496,6004799503160661,18014398509481984,0
2696906539064911,144115188075855872,6981643425849749,4503599627370496,-4766023675713557,36893488147419103232,0
6424221230859557,36028797018963968,4868488762590695,9007199254740992,1504902355834953,9007199254740992,0
863189928579345,2251799813685248,6993057989032551,4503599627370496,0,1,0
863189928579345,2251799813685248,6993057989032551,4503599627370496,6004799503160661,18014398509481984,0
911873350445977,18014398509481984,1740344895927375,1125899906842624,-2555428484612151,9223372036854775808,0
3651227752529695,18014398509481984,2426829087313577,4503599627370496,6071685396846431,36028797018963968,0
863189928579345,2251799813685248,6993057989032551,4503599627370496,0,1,0
863189928579345,2251799813685248,6993057989032551,4503599627370496,6004799503160661,18014398509481984,0
3838143888399663,144115188075855872,1744153491858017,1125899906842624,-1530029668845371,9223372036854775808,0
6642197798802549,36028797018963968,608100978820781,1125899906842624,6032534610059045,36028797018963968,0
7948142517876825,288230376151711744,6984238222853221,4503599627370496,6014974450870211,18014398509481984,0
863189928579345,2251799813685248,6993057989032551,4503599627370496,6004799503160661,18014398509481984,0
450380656148183,9007199254740992,6954255695611827,4503599627370496,3672364021163369,18446744073709551616,0
3698261766994561,18014398509481984,76011562062457,140737488355328,6095726454610771,36028797018963968,0
3685175725929633,72057594037927936,1742421554204347,1125899906842624,3007213499024465,9007199254740992,0
863189928579345,2251799813685248,6993057989032551,4503599627370496,6004799503160661,18014398509481984,0
3838143888399663,144115188075855872,1744153491858017,1125899906842624,-1530029668845371,9223372036854775808,0
6642197798802549,36028797018963968,608100978820781,1125899906842624,6032534610059045,36028797018963968,0
863189928579345,2251799813685248,6993057989032551,4503599627370496,0,1,0
863189928579345,2251799813685248,6993057989032551,4503599627370496,6004799503160661,18014398509481984,0
450380656148183,9007199254740992,6954255695611827,4503599627370496,3672364021163369,18446744073709551616,0
3698261766994561,18014398509481984,76011562062457,140737488355328,6095726454610771,36028797018963968,0
863189928579345,2251799813685248,6993057989032551,4503599627370496,0,1,0
863189928579345,2251799813685248,6993057989032551,4503599627370496,6004799503160661,18014398509481984,0
450380656148183,9007199254740992,6954255695611827,4503599627370496,3672364021163369,18446744073709551616,0
3698261766994561,18014398509481984,76011562062457,140737488355328,6095726454610771,36028797018963968,0
3685175725929633,72057594037927936,1742421554204347,1125899906842624,3007213499024465,9007199254740992,0
863189928579345,2251799813685248,6993057989032551,4503599627370496,6004799503160661,18014398509481984,0
892202984874277,18014398509481984,216637594867355,140737488355328,2663794419548421,4611686018427387904,0
7767252659009401,36028797018963968,1216248347501743,2251799813685248,191753326809047,1125899906842624,0
223046510825823,4503599627370496,3475238946198669,2251799813685248,5989102003929969,18014398509481984,0
863189928579345,2251799813685248,6993057989032551,4503599627370496,6004799503160661,18014398509481984,0
450380656148183,9007199254740992,6954255695611827,4503599627370496,3672364021163369,18446744073709551616,0
3698261766994561,18014398509481984,76011562062457,140737488355328,6095726454610771,36028797018963968,0
863189928579345,2251799813685248,6993057989032551,4503599627370496,0,1,0
863189928579345,2251799813685248,6993057989032551,4503599627370496,6004799503160661,18014398509481984,0
892202984874277,18014398509481984,216637594867355,140737488355328,2663794419548421,4611686018427387904,0
7767252659009401,36028797018963968,1216248347501743,2251799813685248,191753326809047,1125899906842624,0
863189928579345,2251799813685248,6993057989032551,4503599627370496,0,1,0
863189928579345,2251799813685248,6993057989032551,4503599627370496,6004799503160661,18014398509481984,0
892795731336583,18014398509481984,6932054376675027,4503599627370496,5220491373851785,9223372036854775808,0
3887521597808063,18014398509481984,4865094463415259,9007199254740992,1534154551140741,9007199254740992,0
892783161999247,18014398509481984,27148659378929,17592186044416,5988977961573419,18014398509481984,0
7806239354108859,18014398509481984,6993057989032551,4503599627370496,6004799503160661,18014398509481984,0
892795731336583,18014398509481984,6932054376675027,4503599627370496,5220491373851785,9223372036854775808,0
3887521597808063,18014398509481984,4865094463415259,9007199254740992,1534154551140741,9007199254740992,0
892783161999247,18014398509481984,27148659378929,17592186044416,5988977961573419,18014398509481984,0
863189928579345,2251799813685248,6993057989032551,4503599627370496,6004799503160661,18014398509481984,0
892795731336583,18014398509481984,6932054376675027,4503599627370496,5220491373851785,9223372036854775808,0
3887521597808063,18014398509481984,4865094463415259,9007199254740992,1534154551140741,9007199254740992,0
863189928579345,2251799813685248,6993057989032551,4503599627370496,0,1,0
7806239354108859,18014398509481984,6993057989032551,4503599627370496,6004799503160661,18014398509481984,0
892795731336583,18014398509481984,6932054376675027,4503599627370496,5220491373851785,9223372036854775808,0
3887521597808063,18014398509481984,4865094463415259,9007199254740992,1534154551140741,9007199254740992,0
7806239354108859,18014398509481984,6993057989032551,4503599627370496,0,1,0
7806239354108859,18014398509481984,6993057989032551,4503599627370496,6004799503160661,18014398509481984,0
892795731336583,18014398509481984,6932054376675027,4503599627370496,5220491373851785,9223372036854775808,0
3887521597808063,18014398509481984,4865094463415259,9007199254740992,1534154551140741,9007199254740992,0
892783161999247,18014398509481984,27148659378929,17592186044416,5988977961573419,18014398509481984,0
7806239354108859,18014398509481984,6993057989032551,4503599627370496,6004799503160661,18014398509481984,0
1853388326740919,18014398509481984,6956398347120281,4503599627370496,-755020983890133,288230376151711744,0
2543157079527925,9007199254740992,4860443152018857,9007199254740992,6200507844011911,36028797018963968,0
121394691954137,1125899906842624,6966353555759527,4503599627370496,1520335857445341,4503599627370496,0
7806239354108859,18014398509481984,6993057989032551,4503599627370496,6004799503160661,18014398509481984,0
892795731336583,18014398509481984,6932054376675027,4503599627370496,5220491373851785,9223372036854775808,0
3887521597808063,18014398509481984,4865094463415259,9007199254740992,1534154551140741,9007199254740992,0
7806239354108859,18014398509481984,6993057989032551,4503599627370496,0,1,0
7806239354108859,18014398509481984,6993057989032551,4503599627370496,6004799503160661,18014398509481984,0
1853388326740919,18014398509481984,6956398347120281,4503599627370496,-755020983890133,288230376151711744,0
2543157079527925,9007199254740992,4860443152018857,9007199254740992,6200507844011911,36028797018963968,0
7806239354108859,18014398509481984,6993057989032551,4503599627370496,0,1,0
7806239354108859,18014398509481984,6993057989032551,4503599627370496,6004799503160661,18014398509481984,0
4368760248575563,72057594037927936,1734276889794641,1125899906842624,-219570698447109,2305843009213693952,0
1034090029650697,4503599627370496,608016121341395,1125899906842624,6149880051431647,36028797018963968,0
2221278016365041,36028797018963968,6953439588385189,4503599627370496,1502037664630575,4503599627370496,0
7806239354108859,18014398509481984,6993057989032551,4503599627370496,6004799503160661,18014398509481984,0
3659883052294895,36028797018963968,3468443326962397,2251799813685248,-10791675099453,9007199254740992,0
5108996800492593,18014398509481984,4864179819490337,9007199254740992,6211752875766953,36028797018963968,0
471686023689335,4503599627370496,868896930059305,562949953421312,6061325477916099,18014398509481984,0
7806239354108859,18014398509481984,6993057989032551,4503599627370496,6004799503160661,18014398509481984,0
4368760248575563,72057594037927936,1734276889794641,1125899906842624,-219570698447109,2305843009213693952,0
1034090029650697,4503599627370496,608016121341395,1125899906842624,6149880051431647,36028797018963968,0
7806239354108859,18014398509481984,6993057989032551,4503599627370496,0,1,0
7806239354108859,18014398509481984,6993057989032551,4503599627370496,6004799503160661,18014398509481984,0
3659883052294895,36028797018963968,3468443326962397,2251799813685248,-10791675099453,9007199254740992,0
5108996800492593,18014398509481984,4864179819490337,9007199254740992,6211752875766953,36028797018963968,0
7806239354108859,18014398509481984,6993057989032551,4503599627370496,0,1,0
7806239354108859,18014398509481984,6993057989032551,4503599627370496,6004799503160661,18014398509481984,0
3659883052294895,36028797018963968,3468443326962397,2251799813685248,-10791675099453,9007199254740992,0
5108996800492593,18014398509481984,4864179819490337,9007199254740992,6211752875766953,36028797018963968,0
471686023689335,4503599627370496,868896930059305,562949953421312,6061325477916099,18014398509481984,0
7806239354108859,18014398509481984,6993057989032551,4503599627370496,6004799503160661,18014398509481984,0
7192833368639891,72057594037927936,6865810788127123,4503599627370496,2545768553481917,4611686018427387904,0
2805076081866563,9007199254740992,2432134736167223,4503599627370496,6236416614209481,36028797018963968,0
3610529619214767,36028797018963968,6884590722760817,4503599627370496,6013780536434243,18014398509481984,0
7806239354108859,18014398509481984,6993057989032551,4503599627370496,6004799503160661,18014398509481984,0
3659883052294895,36028797018963968,3468443326962397,2251799813685248,-10791675099453,9007199254740992,0
5108996800492593,18014398509481984,4864179819490337,9007199254740992,6211752875766953,36028797018963968,0
7806239354108859,18014398509481984,6993057989032551,4503599627370496,0,1,0
7806239354108859,18014398509481984,6993057989032551,4503599627370496,6004799503160661,18014398509481984,0
7192833368639891,72057594037927936,6865810788127123,4503599627370496,2545768553481917,4611686018427387904,0
2805076081866563,9007199254740992,2432134736167223,4503599627370496,6236416614209481,36028797018963968,0
7806239354108859,18014398509481984,6993057989032551,4503599627370496,0,1,0
7806239354108859,18014398509481984,6993057989032551,4503599627370496,6004799503160661,18014398509481984,0
7192833368639891,72057594037927936,6865810788127123,4503599627370496,2545768553481917,4611686018427387904,0
2805076081866563,9007199254740992,2432134736167223,4503599627370496,6236416614209481,36028797018963968,0
3610529619214767,36028797018963968,6884590722760817,4503599627370496,6013780536434243,18014398509481984,0
7806239354108859,18014398509481984,6993057989032551,4503599627370496,6004799503160661,18014398509481984,0
1804143496677201,18014398509481984,6863984342442317,4503599627370496,3268649364284853,18446744073709551616,0
2816188617256217,9007199254740992,2432157409933547,4503599627370496,6254856034675245,36028797018963968,0
7246146724095011,72057594037927936,6882507453769715,4503599627370496,375489646718371,1125899906842624,0
7806239354108859,18014398509481984,6993057989032551,4503599627370496,6004799503160661,18014398509481984,0
7192833368639891,72057594037927936,6865810788127123,4503599627370496,2545768553481917,4611686018427387904,0
2805076081866563,9007199254740992,2432134736167223,4503599627370496,6236416614209481,36028797018963968,0
7806239354108859,18014398509481984,6993057989032551,4503599627370496,0,1,0
7806239354108859,18014398509481984,6993057989032551,4503599627370496,6004799503160661,18014398509481984,0
1804143496677201,18014398509481984,6863984342442317,4503599627370496,3268649364284853,18446744073709551616,0
2816188617256217,9007199254740992,2432157409933547,4503599627370496,6254856034675245,36028797018963968,0
7806239354108859,18014398509481984,6993057989032551,4503599627370496,0,1,0
7806239354108859,18014398509481984,6993057989032551,4503599627370496,6004799503160661,18014398509481984,0
7217757265016209,72057594037927936,857966958638105,562949953421312,1788786727698801,4611686018427387904,0
2816212797315361,9007199254740992,4864320060756079,9007199254740992,6244944994671737,36028797018963968,0
7240222668897731,72057594037927936,3441490496826087,2251799813685248,3005272641274105,9007199254740992,0
4353479639791479,9007199254740992,6993057989032551,4503599627370496,6004799503160661,18014398509481984,0
7217757265016209,72057594037927936,857966958638105,562949953421312,1788786727698801,4611686018427387904,0
2816212797315361,9007199254740992,4864320060756079,9007199254740992,6244944994671737,36028797018963968,0
7240222668897731,72057594037927936,3441490496826087,2251799813685248,3005272641274105,9007199254740992,0
7806239354108859,18014398509481984,6993057989032551,4503599627370496,6004799503160661,18014398509481984,0
7217757265016209,72057594037927936,857966958638105,562949953421312,1788786727698801,4611686018427387904,0
2816212797315361,9007199254740992,4864320060756079,9007199254740992,6244944994671737,36028797018963968,0
7806239354108859,18014398509481984,6993057989032551,4503599627370496,0,1,0
4353479639791479,9007199254740992,6993057989032551,4503599627370496,6004799503160661,18014398509481984,0
7217757265016209,72057594037927936,857966958638105,562949953421312,1788786727698801,4611686018427387904,0
2816212797315361,9007199254740992,4864320060756079,9007199254740992,6244944994671737,36028797018963968,0
4353479639791479,9007199254740992,6993057989032551,4503599627370496,0,1,0
4353479639791479,9007199254740992,6993057989032551,4503599627370496,6004799503160661,18014398509481984,0
7217757265016209,72057594037927936,857966958638105,562949953421312,1788786727698801,4611686018427387904,0
2816212797315361,9007199254740992,4864320060756079,9007199254740992,6244944994671737,36028797018963968,0
7240222668897731,72057594037927936,3441490496826087,2251799813685248,3005272641274105,9007199254740992,0
4353479639791479,9007199254740992,6993057989032551,4503599627370496,6004799503160661,18014398509481984,0
687434260542369,4503599627370496,6881878653470801,4503599627370496,-1454845623761179,576460752303423488,0
7153890246557599,18014398509481984,2431974768246231,4503599627370496,6242245347323861,36028797018963968,0
2835873762215685,18014398509481984,3446238794522607,2251799813685248,6090686174594149,18014398509481984,0
4353479639791479,9007199254740992,6993057989032551,4503599627370496,6004799503160661,18014398509481984,0
7217757265016209,72057594037927936,857966958638105,562949953421312,1788786727698801,4611686018427387904,0
2816212797315361,9007199254740992,4864320060756079,9007199254740992,6244944994671737,36028797018963968,0
4353479639791479,9007199254740992,6993057989032551,4503599627370496,0,1,0
4353479639791479,9007199254740992,6993057989032551,4503599627370496,6004799503160661,18014398509481984,0
687434260542369,4503599627370496,6881878653470801,4503599627370496,-1454845623761179,576460752303423488,0
7153890246557599,18014398509481984,2431974768246231,4503599627370496,6242245347323861,36028797018963968,0
4353479639791479,9007199254740992,6993057989032551,4503599627370496,0,1,0
4353479639791479,9007199254740992,6993057989032551,4503599627370496,6004799503160661,18014398509481984,0
5374189100119933,36028797018963968,3440338181866525,2251799813685248,-2687238765232445,1152921504606846976,0
55102083030323,140737488355328,4863974090199325,9007199254740992,3121212123066627,18014398509481984,0
4353479639791479,9007199254740992,6993057989032551,4503599627370496,0,1,0
4353479639791479,9007199254740992,6993057989032551,4503599627370496,6004799503160661,18014398509481984,0
5433364477091683,36028797018963968,6758279641474925,4503599627370496,872937662946547,2305843009213693952,0
7951867707349661,18014398509481984,1216010131790029,2251799813685248,3127615876311379,18014398509481984,0
4353479639791479,9007199254740992,6993057989032551,4503599627370496,0,1,0
4353479639791479,9007199254740992,6993057989032551,4503599627370496,6004799503160661,18014398509481984,0
5374189100119933,36028797018963968,3440338181866525,2251799813685248,-2687238765232445,1152921504606846976,0
55102083030323,140737488355328,4863974090199325,9007199254740992,3121212123066627,18014398509481984,0
5535790777346101,36028797018963968,6891848273660583,4503599627370496,6085375440145089,18014398509481984,0
4353479639791479,9007199254740992,6993057989032551,4503599627370496,6004799503160661,18014398509481984,0
5433364477091683,36028797018963968,6758279641474925,4503599627370496,872937662946547,2305843009213693952,0
7951867707349661,18014398509481984,1216010131790029,2251799813685248,3127615876311379,18014398509481984,0
1364564304061023,9007199254740992,846760889367921,562949953421312,753191872509821,2251799813685248,0
4353479639791479,9007199254740992,6993057989032551,4503599627370496,6004799503160661,18014398509481984,0
5433364477091683,36028797018963968,6758279641474925,4503599627370496,872937662946547,2305843009213693952,0
7951867707349661,18014398509481984,1216010131790029,2251799813685248,3127615876311379,18014398509481984,0
4353479639791479,9007199254740992,6993057989032551,4503599627370496,0,1,0
4353479639791479,9007199254740992,6993057989032551,4503599627370496,6004799503160661,18014398509481984,0
2742738571966689,18014398509481984,6743078200167537,4503599627370496,374084672141625,1152921504606846976,0
4058013507499791,9007199254740992,152004219581057,281474976710656,1564259336671247,9007199254740992,0
4353479639791479,9007199254740992,6993057989032551,4503599627370496,0,1,0
4353479639791479,9007199254740992,6993057989032551,4503599627370496,6004799503160661,18014398509481984,0
5433364477091683,36028797018963968,6758279641474925,4503599627370496,872937662946547,2305843009213693952,0
7951867707349661,18014398509481984,1216010131790029,2251799813685248,3127615876311379,18014398509481984,0
1364564304061023,9007199254740992,846760889367921,562949953421312,753191872509821,2251799813685248,0
4353479639791479,9007199254740992,6993057989032551,4503599627370496,6004799503160661,18014398509481984,0
2742738571966689,18014398509481984,6743078200167537,4503599627370496,374084672141625,1152921504606846976,0
4058013507499791,9007199254740992,152004219581057,281474976710656,1564259336671247,9007199254740992,0
2753727098452335,18014398509481984,6758403669705081,4503599627370496,3011023969726735,9007199254740992,0
4353479639791479,9007199254740992,6993057989032551,4503599627370496,6004799503160661,18014398509481984,0
5487048893871133,36028797018963968,6742214007554549,4503599627370496,3027184346952323,9223372036854775808,0
4062663198549607,9007199254740992,4864230129581369,9007199254740992,6255980020949429,36028797018963968,0
4353479639791479,9007199254740992,6993057989032551,4503599627370496,0,1,0
4803839602528529,9007199254740992,6993057989032551,4503599627370496,6004799503160661,18014398509481984,0
5487048893871133,36028797018963968,6742214007554549,4503599627370496,3027184346952323,9223372036854775808,0
4062663198549607,9007199254740992,4864230129581369,9007199254740992,6255980020949429,36028797018963968,0
4803839602528529,9007199254740992,6993057989032551,4503599627370496,0,1,0
4353479639791479,9007199254740992,6993057989032551,4503599627370496,6004799503160661,18014398509481984,0
5487048893871133,36028797018963968,6742214007554549,4503599627370496,3027184346952323,9223372036854775808,0
4062663198549607,9007199254740992,4864230129581369,9007199254740992,6255980020949429,36028797018963968,0
2754571883060405,18014398509481984,6757479030191815,4503599627370496,752753663000631,2251799813685248,0
4803839602528529,9007199254740992,6993057989032551,4503599627370496,6004799503160661,18014398509481984,0
5487048893871133,36028797018963968,6742214007554549,4503599627370496,3027184346952323,9223372036854775808,0
4062663198549607,9007199254740992,4864230129581369,9007199254740992,6255980020949429,36028797018963968,0
2754571883060405,18014398509481984,6757479030191815,4503599627370496,752753663000631,2251799813685248,0
4803839602528529,9007199254740992,6993057989032551,4503599627370496,6004799503160661,18014398509481984,0
5487048893871133,36028797018963968,6742214007554549,4503599627370496,3027184346952323,9223372036854775808,0
4062663198549607,9007199254740992,4864230129581369,9007199254740992,6255980020949429,36028797018963968,0
4803839602528529,9007199254740992,6993057989032551,4503599627370496,0,1,0
4803839602528529,9007199254740992,6993057989032551,4503599627370496,6004799503160661,18014398509481984,0
7417228847844727,36028797018963968,3371269045646857,2251799813685248,-5393163488364751,2305843009213693952,0
4962363502380539,9007199254740992,2432008400433145,4503599627370496,6183983312085975,36028797018963968,0
4803839602528529,9007199254740992,6993057989032551,4503599627370496,0,1,0
4803839602528529,9007199254740992,6993057989032551,4503599627370496,6004799503160661,18014398509481984,0
5487048893871133,36028797018963968,6742214007554549,4503599627370496,3027184346952323,9223372036854775808,0
4062663198549607,9007199254740992,4864230129581369,9007199254740992,6255980020949429,36028797018963968,0
2754571883060405,18014398509481984,6757479030191815,4503599627370496,752753663000631,2251799813685248,0
4803839602528529,9007199254740992,6993057989032551,4503599627370496,6004799503160661,18014398509481984,0
7417228847844727,36028797018963968,3371269045646857,2251799813685248,-5393163488364751,2305843009213693952,0
4962363502380539,9007199254740992,2432008400433145,4503599627370496,6183983312085975,36028797018963968,0
3786412509163555,18014398509481984,3376784620621827,2251799813685248,6093039448335207,18014398509481984,0
4803839602528529,9007199254740992,6993057989032551,4503599627370496,6004799503160661,18014398509481984,0
7417228847844727,36028797018963968,3371269045646857,2251799813685248,-5393163488364751,2305843009213693952,0
4962363502380539,9007199254740992,2432008400433145,4503599627370496,6183983312085975,36028797018963968,0
4803839602528529,9007199254740992,6993057989032551,4503599627370496,0,1,0
4803839602528529,9007199254740992,6993057989032551,4503599627370496,6004799503160661,18014398509481984,0
1891907841155557,9007199254740992,6554032301700735,4503599627370496,-1337583003033579,2305843009213693952,0
5652591977150669,9007199254740992,4864106356506791,9007199254740992,6258508344034067,36028797018963968,0
4803839602528529,9007199254740992,6993057989032551,4503599627370496,0,1,0
4803839602528529,9007199254740992,6993057989032551,4503599627370496,6004799503160661,18014398509481984,0
7417228847844727,36028797018963968,3371269045646857,2251799813685248,-5393163488364751,2305843009213693952,0
4962363502380539,9007199254740992,2432008400433145,4503599627370496,6183983312085975,36028797018963968,0
3786412509163555,18014398509481984,3376784620621827,2251799813685248,6093039448335207,18014398509481984,0
4803839602528529,9007199254740992,6993057989032551,4503599627370496,6004799503160661,18014398509481984,0
1891907841155557,9007199254740992,6554032301700735,4503599627370496,-1337583003033579,2305843009213693952,0
5652591977150669,9007199254740992,4864106356506791,9007199254740992,6258508344034067,36028797018963968,0
7563011186865105,36028797018963968,6572385805478831,4503599627370496,6004165126959553,18014398509481984,0
4803839602528529,9007199254740992,6993057989032551,4503599627370496,6004799503160661,18014398509481984,0
1891907841155557,9007199254740992,6554032301700735,4503599627370496,-1337583003033579,2305843009213693952,0
5652591977150669,9007199254740992,4864106356506791,9007199254740992,6258508344034067,36028797018963968,0
4803839602528529,9007199254740992,6993057989032551,4503599627370496,0,1,0
4803839602528529,9007199254740992,6993057989032551,4503599627370496,6004799503160661,18014398509481984,0
1911684739339081,9007199254740992,819889778116161,562949953421312,2156134149453107,4611686018427387904,0
5652830063117759,9007199254740992,1216058592305521,2251799813685248,778360463999185,4503599627370496,0
4803839602528529,9007199254740992,6993057989032551,4503599627370496,0,1,0
4803839602528529,9007199254740992,6993057989032551,4503599627370496,6004799503160661,18014398509481984,0
1891907841155557,9007199254740992,6554032301700735,4503599627370496,-1337583003033579,2305843009213693952,0
5652591977150669,9007199254740992,4864106356506791,9007199254740992,6258508344034067,36028797018963968,0
7563011186865105,36028797018963968,6572385805478831,4503599627370496,6004165126959553,18014398509481984,0
4803839602528529,9007199254740992,6993057989032551,4503599627370496,6004799503160661,18014398509481984,0
1911684739339081,9007199254740992,819889778116161,562949953421312,2156134149453107,4611686018427387904,0
5652830063117759,9007199254740992,1216058592305521,2251799813685248,778360463999185,4503599627370496,0
238775359698465,1125899906842624,3287438413915809,2251799813685248,1503021466741623,4503599627370496,0
4803839602528529,9007199254740992,6993057989032551,4503599627370496,6004799503160661,18014398509481984,0
7646192111041555,36028797018963968,6559270536757001,4503599627370496,8789923337809659,18446744073709551616,0
5651983096073583,9007199254740992,2432177232155745,4503599627370496,1556408767683495,9007199254740992,0
4803839602528529,9007199254740992,6993057989032551,4503599627370496,0,1,0
5254199565265579,9007199254740992,6993057989032551,4503599627370496,6004799503160661,18014398509481984,0
7646192111041555,36028797018963968,6559270536757001,4503599627370496,8789923337809659,18446744073709551616,0
5651983096073583,9007199254740992,2432177232155745,4503599627370496,1556408767683495,9007199254740992,0
5254199565265579,9007199254740992,6993057989032551,4503599627370496,0,1,0
4803839602528529,9007199254740992,6993057989032551,4503599627370496,6004799503160661,18014398509481984,0
7646192111041555,36028797018963968,6559270536757001,4503599627370496,8789923337809659,18446744073709551616,0
5651983096073583,9007199254740992,2432177232155745,4503599627370496,1556408767683495,9007199254740992,0
7640350619658593,36028797018963968,6574973876081273,4503599627370496,751498714769001,2251799813685248,0
5254199565265579,9007199254740992,6993057989032551,4503599627370496,6004799503160661,18014398509481984,0
7646192111041555,36028797018963968,6559270536757001,4503599627370496,8789923337809659,18446744073709551616,0
5651983096073583,9007199254740992,2432177232155745,4503599627370496,1556408767683495,9007199254740992,0
7640350619658593,36028797018963968,6574973876081273,4503599627370496,751498714769001,2251799813685248,0
5254199565265579,9007199254740992,6993057989032551,4503599627370496,6004799503160661,18014398509481984,0
7646192111041555,36028797018963968,6559270536757001,4503599627370496,8789923337809659,18446744073709551616,0
5651983096073583,9007199254740992,2432177232155745,4503599627370496,1556408767683495,9007199254740992,0
5254199565265579,9007199254740992,6993057989032551,4503599627370496,0,1,0
5254199565265579,9007199254740992,6993057989032551,4503599627370496,6004799503160661,18014398509481984,0
4846581714620101,18014398509481984,3271987708645355,2251799813685248,-8008429846176049,4611686018427387904,0
1672036573578733,2251799813685248,4863965759658039,9007199254740992,6174773398386305,36028797018963968,0
5254199565265579,9007199254740992,6993057989032551,4503599627370496,0,1,0
5254199565265579,9007199254740992,6993057989032551,4503599627370496,6004799503160661,18014398509481984,0
7646192111041555,36028797018963968,6559270536757001,4503599627370496,8789923337809659,18446744073709551616,0
5651983096073583,9007199254740992,2432177232155745,4503599627370496,1556408767683495,9007199254740992,0
7640350619658593,36028797018963968,6574973876081273,4503599627370496,751498714769001,2251799813685248,0
5254199565265579,9007199254740992,6993057989032551,4503599627370496,6004799503160661,18014398509481984,0
4846581714620101,18014398509481984,3271987708645355,2251799813685248,-8008429846176049,4611686018427387904,0
1672036573578733,2251799813685248,4863965759658039,9007199254740992,6174773398386305,36028797018963968,0
1221428770638707,4503599627370496,820087544998043,562949953421312,3033417880912895,9007199254740992,0
5254199565265579,9007199254740992,6993057989032551,4503599627370496,6004799503160661,18014398509481984,0
4806529457676009,18014398509481984,6544573964079723,4503599627370496,-7609040022493803,4611686018427387904,0
3323798962422677,4503599627370496,4863980970910407,9007199254740992,6176763777783773,36028797018963968,0
5254199565265579,9007199254740992,6993057989032551,4503599627370496,0,1,0
5254199565265579,9007199254740992,6993057989032551,4503599627370496,6004799503160661,18014398509481984,0
5055770218127297,18014398509481984,1589236194056717,1125899906842624,4217869657663721,4611686018427387904,0
461053216302025,562949953421312,2432036679574831,4503599627370496,6269528194506535,36028797018963968,0
5254199565265579,9007199254740992,6993057989032551,4503599627370496,0,1,0
5254199565265579,9007199254740992,6993057989032551,4503599627370496,6004799503160661,18014398509481984,0
4806529457676009,18014398509481984,6544573964079723,4503599627370496,-7609040022493803,4611686018427387904,0
3323798962422677,4503599627370496,4863980970910407,9007199254740992,6176763777783773,36028797018963968,0
2422008557033263,9007199254740992,6561258928176411,4503599627370496,758086182659407,2251799813685248,0
5254199565265579,9007199254740992,6993057989032551,4503599627370496,6004799503160661,18014398509481984,0
5055770218127297,18014398509481984,1589236194056717,1125899906842624,4217869657663721,4611686018427387904,0
461053216302025,562949953421312,2432036679574831,4503599627370496,6269528194506535,36028797018963968,0
5005880648267173,18014398509481984,797661432991127,562949953421312,46694782460169,140737488355328,0
5254199565265579,9007199254740992,6993057989032551,4503599627370496,6004799503160661,18014398509481984,0
5055770218127297,18014398509481984,1589236194056717,1125899906842624,4217869657663721,4611686018427387904,0
461053216302025,562949953421312,2432036679574831,4503599627370496,6269528194506535,36028797018963968,0
5254199565265579,9007199254740992,6993057989032551,4503599627370496,0,1,0
5254199565265579,9007199254740992,6993057989032551,4503599627370496,6004799503160661,18014398509481984,0
1275479918452343,4503599627370496,397490420200127,281474976710656,8561061207689633,9223372036854775808,0
7371155065506855,9007199254740992,4864271341300097,9007199254740992,6283759259590811,36028797018963968,0
5254199565265579,9007199254740992,6993057989032551,4503599627370496,0,1,0
5254199565265579,9007199254740992,6993057989032551,4503599627370496,6004799503160661,18014398509481984,0
5055770218127297,18014398509481984,1589236194056717,1125899906842624,4217869657663721,4611686018427387904,0
461053216302025,562949953421312,2432036679574831,4503599627370496,6269528194506535,36028797018963968,0
5005880648267173,18014398509481984,797661432991127,562949953421312,46694782460169,140737488355328,0
5254199565265579,9007199254740992,6993057989032551,4503599627370496,6004799503160661,18014398509481984,0
1275479918452343,4503599627370496,397490420200127,281474976710656,8561061207689633,9223372036854775808,0
7371155065506855,9007199254740992,4864271341300097,9007199254740992,6283759259590811,36028797018963968,0
5042886816069489,18014398509481984,3191913942722795,2251799813685248,1492118897803749,4503599627370496,0
5254199565265579,9007199254740992,6993057989032551,4503599627370496,6004799503160661,18014398509481984,0
2550861205979361,9007199254740992,6359916331248559,4503599627370496,8545534355513375,9223372036854775808,0
3685380333982703,4503599627370496,304044452438851,562949953421312,3142103324333981,18014398509481984,0
5254199565265579,9007199254740992,6993057989032551,4503599627370496,0,1,0
5704559528002629,9007199254740992,6993057989032551,4503599627370496,6004799503160661,18014398509481984,0
2550861205979361,9007199254740992,6359916331248559,4503599627370496,8545534355513375,9223372036854775808,0
3685380333982703,4503599627370496,304044452438851,562949953421312,3142103324333981,18014398509481984,0
5704559528002629,9007199254740992,6993057989032551,4503599627370496,0,1,0
5254199565265579,9007199254740992,6993057989032551,4503599627370496,6004799503160661,18014398509481984,0
2550861205979361,9007199254740992,6359916331248559,4503599627370496,8545534355513375,9223372036854775808,0
3685380333982703,4503599627370496,304044452438851,562949953421312,3142103324333981,18014398509481984,0
5042069412161423,18014398509481984,6383916953391441,4503599627370496,5967883178205165,18014398509481984,0
5704559528002629,9007199254740992,6993057989032551,4503599627370496,6004799503160661,18014398509481984,0
2550861205979361,9007199254740992,6359916331248559,4503599627370496,8545534355513375,9223372036854775808,0
3685380333982703,4503599627370496,304044452438851,562949953421312,3142103324333981,18014398509481984,0
5042069412161423,18014398509481984,6383916953391441,4503599627370496,5967883178205165,18014398509481984,0
5704559528002629,9007199254740992,6993057989032551,4503599627370496,6004799503160661,18014398509481984,0
2550861205979361,9007199254740992,6359916331248559,4503599627370496,8545534355513375,9223372036854775808,0
3685380333982703,4503599627370496,304044452438851,562949953421312,3142103324333981,18014398509481984,0
5704559528002629,9007199254740992,6993057989032551,4503599627370496,0,1,0
5704559528002629,9007199254740992,6993057989032551,4503599627370496,6004799503160661,18014398509481984,0
6159730657238681,18014398509481984,793776061350633,562949953421312,-7280009013190297,9223372036854775808,0
8356258497745949,9007199254740992,608072119066007,1125899906842624,792138570560729,4503599627370496,0
5704559528002629,9007199254740992,6993057989032551,4503599627370496,0,1,0
5704559528002629,9007199254740992,6993057989032551,4503599627370496,6004799503160661,18014398509481984,0
2550861205979361,9007199254740992,6359916331248559,4503599627370496,8545534355513375,9223372036854775808,0
3685380333982703,4503599627370496,304044452438851,562949953421312,3142103324333981,18014398509481984,0
5042069412161423,18014398509481984,6383916953391441,4503599627370496,5967883178205165,18014398509481984,0
5704559528002629,9007199254740992,6993057989032551,4503599627370496,6004799503160661,18014398509481984,0
6159730657238681,18014398509481984,793776061350633,562949953421312,-7280009013190297,9223372036854775808,0
8356258497745949,9007199254740992,608072119066007,1125899906842624,792138570560729,4503599627370496,0
1530488598970897,4503599627370496,1594581678870043,1125899906842624,3005483475432341,9007199254740992,0
5704559528002629,9007199254740992,6993057989032551,4503599627370496,6004799503160661,18014398509481984,0
6159730657238681,18014398509481984,793776061350633,562949953421312,-7280009013190297,9223372036854775808,0
8356258497745949,9007199254740992,608072119066007,1125899906842624,792138570560729,4503599627370496,0
5704559528002629,9007199254740992,6993057989032551,4503599627370496,0,1,0
5704559528002629,9007199254740992,6993057989032551,4503599627370496,6004799503160661,18014398509481984,0
3206796843776067,9007199254740992,6207677810206205,4503599627370496,3495957640507197,2305843009213693952,0
1106208334355269,1125899906842624,4866693516568015,9007199254740992,6465381282023049,36028797018963968,0
5704559528002629,9007199254740992,6993057989032551,4503599627370496,0,1,0
5704559528002629,9007199254740992,6993057989032551,4503599627370496,6004799503160661,18014398509481984,0
6159730657238681,18014398509481984,793776061350633,562949953421312,-7280009013190297,9223372036854775808,0
8356258497745949,9007199254740992,608072119066007,1125899906842624,792138570560729,4503599627370496,0
1530488598970897,4503599627370496,1594581678870043,1125899906842624,3005483475432341,9007199254740992,0
5704559528002629,9007199254740992,6993057989032551,4503599627370496,6004799503160661,18014398509481984,0
3206796843776067,9007199254740992,6207677810206205,4503599627370496,3495957640507197,2305843009213693952,0
1106208334355269,1125899906842624,4866693516568015,9007199254740992,6465381282023049,36028797018963968,0
3137625175669183,9007199254740992,390208704776541,281474976710656,739378891208287,2251799813685248,0
5704559528002629,9007199254740992,6993057989032551,4503599627370496,6004799503160661,18014398509481984,0
3206796843776067,9007199254740992,6207677810206205,4503599627370496,3495957640507197,2305843009213693952,0
1106208334355269,1125899906842624,4866693516568015,9007199254740992,6465381282023049,36028797018963968,0
5704559528002629,9007199254740992,6993057989032551,4503599627370496,0,1,0
5704559528002629,9007199254740992,6993057989032551,4503599627370496,6004799503160661,18014398509481984,0
25064070224677,70368744177664,3107104892081285,2251799813685248,830455166354297,576460752303423488,0
8823111133746853,9007199254740992,152766720265855,281474976710656,6468941202437763,36028797018963968,0
5704559528002629,9007199254740992,6993057989032551,4503599627370496,0,1,0
5704559528002629,9007199254740992,6993057989032551,4503599627370496,6004799503160661,18014398509481984,0
3206796843776067,9007199254740992,6207677810206205,4503599627370496,3495957640507197,2305843009213693952,0
1106208334355269,1125899906842624,4866693516568015,9007199254740992,6465381282023049,36028797018963968,0
3137625175669183,9007199254740992,390208704776541,281474976710656,739378891208287,2251799813685248,0
5704559528002629,9007199254740992,6993057989032551,4503599627370496,6004799503160661,18014398509481984,0
25064070224677,70368744177664,3107104892081285,2251799813685248,830455166354297,576460752303423488,0
8823111133746853,9007199254740992,152766720265855,281474976710656,6468941202437763,36028797018963968,0
3139079165828977,9007199254740992,781055671159891,562949953421312,2957953682465021,9007199254740992,0
5704559528002629,9007199254740992,6993057989032551,4503599627370496,6004799503160661,18014398509481984,0
25064070224677,70368744177664,3107104892081285,2251799813685248,830455166354297,576460752303423488,0
8823111133746853,9007199254740992,152766720265855,281474976710656,6468941202437763,36028797018963968,0
5704559528002629,9007199254740992,6993057989032551,4503599627370496,0,1,0
5704559528002629,9007199254740992,6993057989032551,4503599627370496,6004799503160661,18014398509481984,0
3201331050298733,9007199254740992,193283910430523,140737488355328,589527865260945,576460752303423488,0
2253124114366639,2251799813685248,10106926834127,17592186044416,199713218333239,1125899906842624,0
5704559528002629,9007199254740992,6993057989032551,4503599627370496,0,1,0
5704559528002629,9007199254740992,6993057989032551,4503599627370496,6004799503160661,18014398509481984,0
25064070224677,70368744177664,3107104892081285,2251799813685248,830455166354297,576460752303423488,0
8823111133746853,9007199254740992,152766720265855,281474976710656,6468941202437763,36028797018963968,0
3139079165828977,9007199254740992,781055671159891,562949953421312,2957953682465021,9007199254740992,0
5704559528002629,9007199254740992,6993057989032551,4503599627370496,6004799503160661,18014398509481984,0
3201331050298733,9007199254740992,193283910430523,140737488355328,589527865260945,576460752303423488,0
2253124114366639,2251799813685248,10106926834127,17592186044416,199713218333239,1125899906842624,0
6310297151704793,18014398509481984,97048729294403,70368744177664,2977880235313381,9007199254740992,0
5704559528002629,9007199254740992,6993057989032551,4503599627370496,6004799503160661,18014398509481984,0
3201331050298733,9007199254740992,193283910430523,140737488355328,589527865260945,576460752303423488,0
2253124114366639,2251799813685248,10106926834127,17592186044416,199713218333239,1125899906842624,0
5704559528002629,9007199254740992,6993057989032551,4503599627370496,0,1,0
5704559528002629,9007199254740992,6993057989032551,4503599627370496,6004799503160661,18014398509481984,0
1602772032753269,4503599627370496,6182280957633395,4503599627370496,4738785310033815,4611686018427387904,0
4513352242454481,4503599627370496,5181175381659801,9007199254740992,6387317617291253,36028797018963968,0
5704559528002629,9007199254740992,6993057989032551,4503599627370496,0,1,0
5704559528002629,9007199254740992,6993057989032551,4503599627370496,6004799503160661,18014398509481984,0
3201331050298733,9007199254740992,193283910430523,140737488355328,589527865260945,576460752303423488,0
2253124114366639,2251799813685248,10106926834127,17592186044416,199713218333239,1125899906842624,0
6310297151704793,18014398509481984,97048729294403,70368744177664,2977880235313381,9007199254740992,0
5704559528002629,9007199254740992,6993057989032551,4503599627370496,6004799503160661,18014398509481984,0
1602772032753269,4503599627370496,6182280957633395,4503599627370496,4738785310033815,4611686018427387904,0
4513352242454481,4503599627370496,5181175381659801,9007199254740992,6387317617291253,36028797018963968,0
6319498152791153,18014398509481984,6208383960961017,4503599627370496,2977666115893085,9007199254740992,0
5704559528002629,9007199254740992,6993057989032551,4503599627370496,6004799503160661,18014398509481984,0
6411135136607805,18014398509481984,1545566334095517,1125899906842624,1184920239089651,1152921504606846976,0
4513396307258887,4503599627370496,5181230455491447,9007199254740992,1596824350130517,9007199254740992,0
5704559528002629,9007199254740992,6993057989032551,4503599627370496,0,1,0
6154919490739679,9007199254740992,6993057989032551,4503599627370496,6004799503160661,18014398509481984,0
6411135136607805,18014398509481984,1545566334095517,1125899906842624,1184920239089651,1152921504606846976,0
4513396307258887,4503599627370496,5181230455491447,9007199254740992,1596824350130517,9007199254740992,0
6154919490739679,9007199254740992,6993057989032551,4503599627370496,0,1,0
5704559528002629,9007199254740992,6993057989032551,4503599627370496,6004799503160661,18014398509481984,0
6411135136607805,18014398509481984,1545566334095517,1125899906842624,1184920239089651,1152921504606846976,0
4513396307258887,4503599627370496,5181230455491447,9007199254740992,1596824350130517,9007199254740992,0
3159776296547295,9007199254740992,3104183110531395,2251799813685248,2977667813193077,9007199254740992,0
6154919490739679,9007199254740992,6993057989032551,4503599627370496,6004799503160661,18014398509481984,0
6411135136607805,18014398509481984,1545566334095517,1125899906842624,1184920239089651,1152921504606846976,0
4513396307258887,4503599627370496,5181230455491447,9007199254740992,1596824350130517,9007199254740992,0
3159776296547295,9007199254740992,3104183110531395,2251799813685248,2977667813193077,9007199254740992,0
6154919490739679,9007199254740992,6993057989032551,4503599627370496,6004799503160661,18014398509481984,0
6411135136607805,18014398509481984,1545566334095517,1125899906842624,1184920239089651,1152921504606846976,0
4513396307258887,4503599627370496,5181230455491447,9007199254740992,1596824350130517,9007199254740992,0
6154919490739679,9007199254740992,6993057989032551,4503599627370496,0,1,0
6154919490739679,9007199254740992,6993057989032551,4503599627370496,6004799503160661,18014398509481984,0
1863061991542959,4503599627370496,6182492030980555,4503599627370496,-37446092012783,288230376151711744,0
4942857652126631,4503599627370496,5187030004854597,9007199254740992,6444029628047401,36028797018963968,0
6154919490739679,9007199254740992,6993057989032551,4503599627370496,0,1,0
6154919490739679,9007199254740992,6993057989032551,4503599627370496,6004799503160661,18014398509481984,0
6411135136607805,18014398509481984,1545566334095517,1125899906842624,1184920239089651,1152921504606846976,0
4513396307258887,4503599627370496,5181230455491447,9007199254740992,1596824350130517,9007199254740992,0
3159776296547295,9007199254740992,3104183110531395,2251799813685248,2977667813193077,9007199254740992,0
6154919490739679,9007199254740992,6993057989032551,4503599627370496,6004799503160661,18014398509481984,0
1863061991542959,4503599627370496,6182492030980555,4503599627370496,-37446092012783,288230376151711744,0
4942857652126631,4503599627370496,5187030004854597,9007199254740992,6444029628047401,36028797018963968,0
7373145005755571,18014398509481984,3106265243336215,2251799813685248,5990210910880461,18014398509481984,0
6154919490739679,9007199254740992,6993057989032551,4503599627370496,6004799503160661,18014398509481984,0
1863061991542959,4503599627370496,6182492030980555,4503599627370496,-37446092012783,288230376151711744,0
4942857652126631,4503599627370496,5187030004854597,9007199254740992,6444029628047401,36028797018963968,0
6154919490739679,9007199254740992,6993057989032551,4503599627370496,0,1,0
6154919490739679,9007199254740992,6993057989032551,4503599627370496,6004799503160661,18014398509481984,0
7685790696613291,18014398509481984,754578403474605,562949953421312,631825356000149,576460752303423488,0
656034651862345,562949953421312,5640536048827419,9007199254740992,50399973749637,281474976710656,0
6154919490739679,9007199254740992,6993057989032551,4503599627370496,0,1,0
6154919490739679,9007199254740992,6993057989032551,4503599627370496,6004799503160661,18014398509481984,0
1863061991542959,4503599627370496,6182492030980555,4503599627370496,-37446092012783,288230376151711744,0
4942857652126631,4503599627370496,5187030004854597,9007199254740992,6444029628047401,36028797018963968,0
7373145005755571,18014398509481984,3106265243336215,2251799813685248,5990210910880461,18014398509481984,0
6154919490739679,9007199254740992,6993057989032551,4503599627370496,6004799503160661,18014398509481984,0
7685790696613291,18014398509481984,754578403474605,562949953421312,631825356000149,576460752303423488,0
656034651862345,562949953421312,5640536048827419,9007199254740992,50399973749637,281474976710656,0
7583985995430387,18014398509481984,6061161993212307,4503599627370496,5962366725716629,18014398509481984,0
6154919490739679,9007199254740992,6993057989032551,4503599627370496,6004799503160661,18014398509481984,0
7685790696613291,18014398509481984,754578403474605,562949953421312,631825356000149,576460752303423488,0
656034651862345,562949953421312,5640536048827419,9007199254740992,50399973749637,281474976710656,0
6154919490739679,9007199254740992,6993057989032551,4503599627370496,0,1,0
6154919490739679,9007199254740992,6993057989032551,4503599627370496,6004799503160661,18014398509481984,0
241325622376007,562949953421312,6035838183877639,4503599627370496,2582028067192357,2305843009213693952,0
5254702259516257,4503599627370496,1420826123143293,2251799813685248,3223563639777611,18014398509481984,0
6154919490739679,9007199254740992,6993057989032551,4503599627370496,0,1,0
6154919490739679,9007199254740992,6993057989032551,4503599627370496,6004799503160661,18014398509481984,0
7685790696613291,18014398509481984,754578403474605,562949953421312,631825356000149,576460752303423488,0
656034651862345,562949953421312,5640536048827419,9007199254740992,50399973749637,281474976710656,0
7583985995430387,18014398509481984,6061161993212307,4503599627370496,5962366725716629,18014398509481984,0
6154919490739679,9007199254740992,6993057989032551,4503599627370496,6004799503160661,18014398509481984,0
241325622376007,562949953421312,6035838183877639,4503599627370496,2582028067192357,2305843009213693952,0
5254702259516257,4503599627370496,1420826123143293,2251799813685248,3223563639777611,18014398509481984,0
476519235390369,1125899906842624,6059509466734785,4503599627370496,2981341852333615,9007199254740992,0
6154919490739679,9007199254740992,6993057989032551,4503599627370496,6004799503160661,18014398509481984,0
7723880265631889,18014398509481984,6035384447640601,4503599627370496,2597123560927493,2305843009213693952,0
2627979220716979,2251799813685248,5684973579105687,9007199254740992,6446596300621009,36028797018963968,0
6154919490739679,9007199254740992,6993057989032551,4503599627370496,0,1,0
6605279453476729,9007199254740992,6993057989032551,4503599627370496,6004799503160661,18014398509481984,0
7723880265631889,18014398509481984,6035384447640601,4503599627370496,2597123560927493,2305843009213693952,0
2627979220716979,2251799813685248,5684973579105687,9007199254740992,6446596300621009,36028797018963968,0
6605279453476729,9007199254740992,6993057989032551,4503599627370496,0,1,0
6154919490739679,9007199254740992,6993057989032551,4503599627370496,6004799503160661,18014398509481984,0
7723880265631889,18014398509481984,6035384447640601,4503599627370496,2597123560927493,2305843009213693952,0
2627979220716979,2251799813685248,5684973579105687,9007199254740992,6446596300621009,36028797018963968,0
3812881227953273,9007199254740992,6058995609002203,4503599627370496,2981256268429793,9007199254740992,0
6605279453476729,9007199254740992,6993057989032551,4503599627370496,6004799503160661,18014398509481984,0
7723880265631889,18014398509481984,6035384447640601,4503599627370496,2597123560927493,2305843009213693952,0
2627979220716979,2251799813685248,5684973579105687,9007199254740992,6446596300621009,36028797018963968,0
3812881227953273,9007199254740992,6058995609002203,4503599627370496,2981256268429793,9007199254740992,0
6605279453476729,9007199254740992,6993057989032551,4503599627370496,6004799503160661,18014398509481984,0
7723880265631889,18014398509481984,6035384447640601,4503599627370496,2597123560927493,2305843009213693952,0
2627979220716979,2251799813685248,5684973579105687,9007199254740992,6446596300621009,36028797018963968,0
6605279453476729,9007199254740992,6993057989032551,4503599627370496,0,1,0
6605279453476729,9007199254740992,6993057989032551,4503599627370496,6004799503160661,18014398509481984,0
2182232180609933,4503599627370496,6040645658980681,4503599627370496,752764521057537,4611686018427387904,0
5629237768317167,4503599627370496,2857802474110953,4503599627370496,3223562042010419,18014398509481984,0
6605279453476729,9007199254740992,6993057989032551,4503599627370496,0,1,0
6605279453476729,9007199254740992,6993057989032551,4503599627370496,6004799503160661,18014398509481984,0
7723880265631889,18014398509481984,6035384447640601,4503599627370496,2597123560927493,2305843009213693952,0
2627979220716979,2251799813685248,5684973579105687,9007199254740992,6446596300621009,36028797018963968,0
3812881227953273,9007199254740992,6058995609002203,4503599627370496,2981256268429793,9007199254740992,0
6605279453476729,9007199254740992,6993057989032551,4503599627370496,6004799503160661,18014398509481984,0
2182232180609933,4503599627370496,6040645658980681,4503599627370496,752764521057537,4611686018427387904,0
5629237768317167,4503599627370496,2857802474110953,4503599627370496,3223562042010419,18014398509481984,0
2160203926247841,4503599627370496,1516725084600069,1125899906842624,93613473313099,281474976710656,0
6605279453476729,9007199254740992,6993057989032551,4503599627370496,6004799503160661,18014398509481984,0
2182232180609933,4503599627370496,6040645658980681,4503599627370496,752764521057537,4611686018427387904,0
5629237768317167,4503599627370496,2857802474110953,4503599627370496,3223562042010419,18014398509481984,0
6605279453476729,9007199254740992,6993057989032551,4503599627370496,0,1,0
6605279453476729,9007199254740992,6993057989032551,4503599627370496,6004799503160661,18014398509481984,0
4494780847035653,9007199254740992,5922151284954789,4503599627370496,2632323586172939,2305843009213693952,0
1471261442090313,1125899906842624,6182237430892375,9007199254740992,6439466309035511,36028797018963968,0
6605279453476729,9007199254740992,6993057989032551,4503599627370496,0,1,0
6605279453476729,9007199254740992,6993057989032551,4503599627370496,6004799503160661,18014398509481984,0
2182232180609933,4503599627370496,6040645658980681,4503599627370496,752764521057537,4611686018427387904,0
5629237768317167,4503599627370496,2857802474110953,4503599627370496,3223562042010419,18014398509481984,0
2160203926247841,4503599627370496,1516725084600069,1125899906842624,93613473313099,281474976710656,0
6605279453476729,9007199254740992,6993057989032551,4503599627370496,6004799503160661,18014398509481984,0
4494780847035653,9007199254740992,5922151284954789,4503599627370496,2632323586172939,2305843009213693952,0
1471261442090313,1125899906842624,6182237430892375,9007199254740992,6439466309035511,36028797018963968,0
4445782291421231,9007199254740992,1485679264245245,1125899906842624,1492827795660819,4503599627370496,0
6605279453476729,9007199254740992,6993057989032551,4503599627370496,6004799503160661,18014398509481984,0
4494780847035653,9007199254740992,5922151284954789,4503599627370496,2632323586172939,2305843009213693952,0
1471261442090313,1125899906842624,6182237430892375,9007199254740992,6439466309035511,36028797018963968,0
6605279453476729,9007199254740992,6993057989032551,4503599627370496,0,1,0
6605279453476729,9007199254740992,6993057989032551,4503599627370496,6004799503160661,18014398509481984,0
4509435078262149,9007199254740992,5922147251926087,4503599627370496,2687337141601207,2305843009213693952,0
2944260229032815,2251799813685248,6217374677783211,9007199254740992,3217354274003323,18014398509481984,0
6605279453476729,9007199254740992,6993057989032551,4503599627370496,0,1,0
6605279453476729,9007199254740992,6993057989032551,4503599627370496,6004799503160661,18014398509481984,0
4494780847035653,9007199254740992,5922151284954789,4503599627370496,2632323586172939,2305843009213693952,0
1471261442090313,1125899906842624,6182237430892375,9007199254740992,6439466309035511,36028797018963968,0
4445782291421231,9007199254740992,1485679264245245,1125899906842624,1492827795660819,4503599627370496,0
6605279453476729,9007199254740992,6993057989032551,4503599627370496,6004799503160661,18014398509481984,0
4509435078262149,9007199254740992,5922147251926087,4503599627370496,2687337141601207,2305843009213693952,0
2944260229032815,2251799813685248,6217374677783211,9007199254740992,3217354274003323,18014398509481984,0
2231066275225799,4503599627370496,2971058694867097,2251799813685248,2985639599356387,9007199254740992,0
6605279453476729,9007199254740992,6993057989032551,4503599627370496,6004799503160661,18014398509481984,0
2254983872760691,4503599627370496,5921878243870451,4503599627370496,5394682795019173,4611686018427387904,0
736159972547131,562949953421312,6218624051442725,9007199254740992,6434336250851775,36028797018963968,0
6605279453476729,9007199254740992,6993057989032551,4503599627370496,0,1,0
7055639416213779,9007199254740992,6993057989032551,4503599627370496,6004799503160661,18014398509481984,0
2254983872760691,4503599627370496,5921878243870451,4503599627370496,5394682795019173,4611686018427387904,0
736159972547131,562949953421312,6218624051442725,9007199254740992,6434336250851775,36028797018963968,0
7055639416213779,9007199254740992,6993057989032551,4503599627370496,0,1,0
6605279453476729,9007199254740992,6993057989032551,4503599627370496,6004799503160661,18014398509481984,0
2254983872760691,4503599627370496,5921878243870451,4503599627370496,5394682795019173,4611686018427387904,0
736159972547131,562949953421312,6218624051442725,9007199254740992,6434336250851775,36028797018963968,0
8925357192866253,18014398509481984,2970904567382243,2251799813685248,2985588159897873,9007199254740992,0
7055639416213779,9007199254740992,6993057989032551,4503599627370496,6004799503160661,18014398509481984,0
2254983872760691,4503599627370496,5921878243870451,4503599627370496,5394682795019173,4611686018427387904,0
736159972547131,562949953421312,6218624051442725,9007199254740992,6434336250851775,36028797018963968,0
8925357192866253,18014398509481984,2970904567382243,2251799813685248,2985588159897873,9007199254740992,0
7055639416213779,9007199254740992,6993057989032551,4503599627370496,6004799503160661,18014398509481984,0
2254983872760691,4503599627370496,5921878243870451,4503599627370496,5394682795019173,4611686018427387904,0
736159972547131,562949953421312,6218624051442725,9007199254740992,6434336250851775,36028797018963968,0
7055639416213779,9007199254740992,6993057989032551,4503599627370496,0,1,0
7055639416213779,9007199254740992,6993057989032551,4503599627370496,6004799503160661,18014398509481984,0
1248779238057553,2251799813685248,2966573260650825,2251799813685248,3635950903624963,9223372036854775808,0
3101933513259723,2251799813685248,6214941192579649,9007199254740992,6394854901139143,36028797018963968,0
7055639416213779,9007199254740992,6993057989032551,4503599627370496,0,1,0
7055639416213779,9007199254740992,6993057989032551,4503599627370496,6004799503160661,18014398509481984,0
2254983872760691,4503599627370496,5921878243870451,4503599627370496,5394682795019173,4611686018427387904,0
736159972547131,562949953421312,6218624051442725,9007199254740992,6434336250851775,36028797018963968,0
8925357192866253,18014398509481984,2970904567382243,2251799813685248,2985588159897873,9007199254740992,0
7055639416213779,9007199254740992,6993057989032551,4503599627370496,6004799503160661,18014398509481984,0
1248779238057553,2251799813685248,2966573260650825,2251799813685248,3635950903624963,9223372036854775808,0
3101933513259723,2251799813685248,6214941192579649,9007199254740992,6394854901139143,36028797018963968,0
4950224567050037,9007199254740992,5954885545942271,4503599627370496,5989793046801663,18014398509481984,0
7055639416213779,9007199254740992,6993057989032551,4503599627370496,6004799503160661,18014398509481984,0
1248779238057553,2251799813685248,2966573260650825,2251799813685248,3635950903624963,9223372036854775808,0
3101933513259723,2251799813685248,6214941192579649,9007199254740992,6394854901139143,36028797018963968,0
7055639416213779,9007199254740992,6993057989032551,4503599627370496,0,1,0
7055639416213779,9007199254740992,6993057989032551,4503599627370496,6004799503160661,18014398509481984,0
2558173216327771,4503599627370496,2921168221215089,2251799813685248,2535408648939005,2305843009213693952,0
3201688047032855,2251799813685248,3325358519381401,4503599627370496,398861537619725,2251799813685248,0
7055639416213779,9007199254740992,6993057989032551,4503599627370496,0,1,0
7055639416213779,9007199254740992,6993057989032551,4503599627370496,6004799503160661,18014398509481984,0
1248779238057553,2251799813685248,2966573260650825,2251799813685248,3635950903624963,9223372036854775808,0
3101933513259723,2251799813685248,6214941192579649,9007199254740992,6394854901139143,36028797018963968,0
4950224567050037,9007199254740992,5954885545942271,4503599627370496,5989793046801663,18014398509481984,0
7055639416213779,9007199254740992,6993057989032551,4503599627370496,6004799503160661,18014398509481984,0
2558173216327771,4503599627370496,2921168221215089,2251799813685248,2535408648939005,2305843009213693952,0
3201688047032855,2251799813685248,3325358519381401,4503599627370496,398861537619725,2251799813685248,0
5071014411043827,9007199254740992,5859280267636045,4503599627370496,747024087524123,2251799813685248,0
7055639416213779,9007199254740992,6993057989032551,4503599627370496,6004799503160661,18014398509481984,0
2558173216327771,4503599627370496,2921168221215089,2251799813685248,2535408648939005,2305843009213693952,0
3201688047032855,2251799813685248,3325358519381401,4503599627370496,398861537619725,2251799813685248,0
7055639416213779,9007199254740992,6993057989032551,4503599627370496,0,1,0
7055639416213779,9007199254740992,6993057989032551,4503599627370496,6004799503160661,18014398509481984,0
2562705812248751,4503599627370496,2921593084561653,2251799813685248,5151662765986945,4611686018427387904,0
3201692845773647,2251799813685248,6673222260110461,9007199254740992,3189000404067127,18014398509481984,0
7055639416213779,9007199254740992,6993057989032551,4503599627370496,0,1,0
7055639416213779,9007199254740992,6993057989032551,4503599627370496,6004799503160661,18014398509481984,0
2558173216327771,4503599627370496,2921168221215089,2251799813685248,2535408648939005,2305843009213693952,0
3201688047032855,2251799813685248,3325358519381401,4503599627370496,398861537619725,2251799813685248,0
5071014411043827,9007199254740992,5859280267636045,4503599627370496,747024087524123,2251799813685248,0
7055639416213779,9007199254740992,6993057989032551,4503599627370496,6004799503160661,18014398509481984,0
2562705812248751,4503599627370496,2921593084561653,2251799813685248,5151662765986945,4611686018427387904,0
3201692845773647,2251799813685248,6673222260110461,9007199254740992,3189000404067127,18014398509481984,0
5081281284810551,9007199254740992,2929900410650469,2251799813685248,2987989325798407,9007199254740992,0
7055639416213779,9007199254740992,6993057989032551,4503599627370496,6004799503160661,18014398509481984,0
5125634961700861,9007199254740992,2921545681222905,2251799813685248,2580457678370135,2305843009213693952,0
6403660448815411,4503599627370496,1668439913373511,2251799813685248,6377833506680553,36028797018963968,0
7055639416213779,9007199254740992,6993057989032551,4503599627370496,0,1,0
7505999378950829,9007199254740992,6993057989032551,4503599627370496,6004799503160661,18014398509481984,0
5125634961700861,9007199254740992,2921545681222905,2251799813685248,2580457678370135,2305843009213693952,0
6403660448815411,4503599627370496,1668439913373511,2251799813685248,6377833506680553,36028797018963968,0
7505999378950829,9007199254740992,6993057989032551,4503599627370496,0,1,0
7055639416213779,9007199254740992,6993057989032551,4503599627370496,6004799503160661,18014398509481984,0
5125634961700861,9007199254740992,2921545681222905,2251799813685248,2580457678370135,2305843009213693952,0
6403660448815411,4503599627370496,1668439913373511,2251799813685248,6377833506680553,36028797018963968,0
1270377693367549,2251799813685248,2929843995318835,2251799813685248,2987962604284065,9007199254740992,0
7505999378950829,9007199254740992,6993057989032551,4503599627370496,6004799503160661,18014398509481984,0
5125634961700861,9007199254740992,2921545681222905,2251799813685248,2580457678370135,2305843009213693952,0
6403660448815411,4503599627370496,1668439913373511,2251799813685248,6377833506680553,36028797018963968,0
1270377693367549,2251799813685248,2929843995318835,2251799813685248,2987962604284065,9007199254740992,0
7505999378950829,9007199254740992,6993057989032551,4503599627370496,6004799503160661,18014398509481984,0
5125634961700861,9007199254740992,2921545681222905,2251799813685248,2580457678370135,2305843009213693952,0
6403660448815411,4503599627370496,1668439913373511,2251799813685248,6377833506680553,36028797018963968,0
7505999378950829,9007199254740992,6993057989032551,4503599627370496,0,1,0
7505999378950829,9007199254740992,6993057989032551,4503599627370496,6004799503160661,18014398509481984,0
1396211261813791,2251799813685248,5862660672577059,4503599627370496,4746326626906251,9223372036854775808,0
415974718473239,281474976710656,1650132901584097,2251799813685248,791529904794509,4503599627370496,0
7505999378950829,9007199254740992,6993057989032551,4503599627370496,0,1,0
7505999378950829,9007199254740992,6993057989032551,4503599627370496,6004799503160661,18014398509481984,0
5125634961700861,9007199254740992,2921545681222905,2251799813685248,2580457678370135,2305843009213693952,0
6403660448815411,4503599627370496,1668439913373511,2251799813685248,6377833506680553,36028797018963968,0
1270377693367549,2251799813685248,2929843995318835,2251799813685248,2987962604284065,9007199254740992,0
7505999378950829,9007199254740992,6993057989032551,4503599627370496,6004799503160661,18014398509481984,0
1396211261813791,2251799813685248,5862660672577059,4503599627370496,4746326626906251,9223372036854775808,0
415974718473239,281474976710656,1650132901584097,2251799813685248,791529904794509,4503599627370496,0
2771049523691423,4503599627370496,1470144922549517,1125899906842624,5987810505167059,18014398509481984,0
7505999378950829,9007199254740992,6993057989032551,4503599627370496,6004799503160661,18014398509481984,0
1396211261813791,2251799813685248,5862660672577059,4503599627370496,4746326626906251,9223372036854775808,0
415974718473239,281474976710656,1650132901584097,2251799813685248,791529904794509,4503599627370496,0
2771049523691423,4503599627370496,1470144922549517,1125899906842624,5987810505167059,18014398509481984,0
7505999378950829,9007199254740992,6993057989032551,4503599627370496,6004799503160661,18014398509481984,0
5681135372257403,9007199254740992,5796040256200753,4503599627370496,2354974123929897,2305843009213693952,0
6801519933196599,4503599627370496,6970413557074827,9007199254740992,6319484290232743,36028797018963968,0
5639735160508897,9007199254740992,5810447832550645,4503599627370496,5978609874290139,18014398509481984,0
7505999378950829,9007199254740992,6993057989032551,4503599627370496,6004799503160661,18014398509481984,0
1396211261813791,2251799813685248,5862660672577059,4503599627370496,4746326626906251,9223372036854775808,0
415974718473239,281474976710656,1650132901584097,2251799813685248,791529904794509,4503599627370496,0
7505999378950829,9007199254740992,6993057989032551,4503599627370496,0,1,0
7505999378950829,9007199254740992,6993057989032551,4503599627370496,6004799503160661,18014398509481984,0
5681135372257403,9007199254740992,5796040256200753,4503599627370496,2354974123929897,2305843009213693952,0
6801519933196599,4503599627370496,6970413557074827,9007199254740992,6319484290232743,36028797018963968,0
7505999378950829,9007199254740992,6993057989032551,4503599627370496,0,1,0
7505999378950829,9007199254740992,6993057989032551,4503599627370496,6004799503160661,18014398509481984,0
5681135372257403,9007199254740992,5796040256200753,4503599627370496,2354974123929897,2305843009213693952,0
6801519933196599,4503599627370496,6970413557074827,9007199254740992,6319484290232743,36028797018963968,0
5639735160508897,9007199254740992,5810447832550645,4503599627370496,5978609874290139,18014398509481984,0
7505999378950829,9007199254740992,6993057989032551,4503599627370496,6004799503160661,18014398509481984,0
5684940947501245,9007199254740992,5797328510178189,4503599627370496,593839289624589,576460752303423488,0
6799282364708223,4503599627370496,6980598347430639,9007199254740992,6317305654009859,36028797018963968,0
5644192832451909,9007199254740992,2905790472213707,2251799813685248,2989180894337837,9007199254740992,0
7505999378950829,9007199254740992,6993057989032551,4503599627370496,6004799503160661,18014398509481984,0
5681135372257403,9007199254740992,5796040256200753,4503599627370496,2354974123929897,2305843009213693952,0
6801519933196599,4503599627370496,6970413557074827,9007199254740992,6319484290232743,36028797018963968,0
7505999378950829,9007199254740992,6993057989032551,4503599627370496,0,1,0
7505999378950829,9007199254740992,6993057989032551,4503599627370496,6004799503160661,18014398509481984,0
5684940947501245,9007199254740992,5797328510178189,4503599627370496,593839289624589,576460752303423488,0
6799282364708223,4503599627370496,6980598347430639,9007199254740992,6317305654009859,36028797018963968,0
7505999378950829,9007199254740992,6993057989032551,4503599627370496,0,1,0
7505999378950829,9007199254740992,6993057989032551,4503599627370496,6004799503160661,18014398509481984,0
5684976695051581,9007199254740992,5797316985405557,4503599627370496,4753489590752593,4611686018427387904,0
6799319349098083,4503599627370496,436293136304861,562949953421312,98707220211035,562949953421312,0
2822113466572731,4503599627370496,363222716789415,281474976710656,2989168986627993,9007199254740992,0
7956359341687879,9007199254740992,6993057989032551,4503599627370496,6004799503160661,18014398509481984,0
5684976695051581,9007199254740992,5797316985405557,4503599627370496,4753489590752593,4611686018427387904,0
6799319349098083,4503599627370496,436293136304861,562949953421312,98707220211035,562949953421312,0
2822113466572731,4503599627370496,363222716789415,281474976710656,2989168986627993,9007199254740992,0
7505999378950829,9007199254740992,6993057989032551,4503599627370496,6004799503160661,18014398509481984,0
5684976695051581,9007199254740992,5797316985405557,4503599627370496,4753489590752593,4611686018427387904,0
6799319349098083,4503599627370496,436293136304861,562949953421312,98707220211035,562949953421312,0
7505999378950829,9007199254740992,6993057989032551,4503599627370496,0,1,0
7956359341687879,9007199254740992,6993057989032551,4503599627370496,6004799503160661,18014398509481984,0
5684976695051581,9007199254740992,5797316985405557,4503599627370496,4753489590752593,4611686018427387904,0
6799319349098083,4503599627370496,436293136304861,562949953421312,98707220211035,562949953421312,0
7956359341687879,9007199254740992,6993057989032551,4503599627370496,0,1,0
7956359341687879,9007199254740992,6993057989032551,4503599627370496,6004799503160661,18014398509481984,0
5684976695051581,9007199254740992,5797316985405557,4503599627370496,4753489590752593,4611686018427387904,0
6799319349098083,4503599627370496,436293136304861,562949953421312,98707220211035,562949953421312,0
7956359341687879,9007199254740992,6993057989032551,4503599627370496,0,1,0
7956359341687879,9007199254740992,6993057989032551,4503599627370496,6004799503160661,18014398509481984,0
3055961993833851,4503599627370496,2913479366656091,2251799813685248,676520844502757,1152921504606846976,0
6987123948708997,4503599627370496,1702689852713721,2251799813685248,6288105895064533,36028797018963968,0
7956359341687879,9007199254740992,6993057989032551,4503599627370496,0,1,0
7956359341687879,9007199254740992,6993057989032551,4503599627370496,6004799503160661,18014398509481984,0
5684976695051581,9007199254740992,5797316985405557,4503599627370496,4753489590752593,4611686018427387904,0
6799319349098083,4503599627370496,436293136304861,562949953421312,98707220211035,562949953421312,0
2822113466572731,4503599627370496,363222716789415,281474976710656,2989168986627993,9007199254740992,0
7956359341687879,9007199254740992,6993057989032551,4503599627370496,6004799503160661,18014398509481984,0
3055961993833851,4503599627370496,2913479366656091,2251799813685248,676520844502757,1152921504606846976,0
6987123948708997,4503599627370496,1702689852713721,2251799813685248,6288105895064533,36028797018963968,0
1518134265030491,2251799813685248,5842594717930889,4503599627370496,5987180572411803,18014398509481984,0
7956359341687879,9007199254740992,6993057989032551,4503599627370496,6004799503160661,18014398509481984,0
3055961993833851,4503599627370496,2913479366656091,2251799813685248,676520844502757,1152921504606846976,0
6987123948708997,4503599627370496,1702689852713721,2251799813685248,6288105895064533,36028797018963968,0
1518134265030491,2251799813685248,5842594717930889,4503599627370496,5987180572411803,18014398509481984,0
7956359341687879,9007199254740992,6993057989032551,4503599627370496,6004799503160661,18014398509481984,0
6175458721210629,9007199254740992,1444969273128625,1125899906842624,2660229622320535,2305843009213693952,0
3543252650995923,2251799813685248,7098814379753539,9007199254740992,1569366347720413,9007199254740992,0
191743438014697,281474976710656,5792980361331651,4503599627370496,5983171927777645,18014398509481984,0
7956359341687879,9007199254740992,6993057989032551,4503599627370496,6004799503160661,18014398509481984,0
3055961993833851,4503599627370496,2913479366656091,2251799813685248,676520844502757,1152921504606846976,0
6987123948708997,4503599627370496,1702689852713721,2251799813685248,6288105895064533,36028797018963968,0
7956359341687879,9007199254740992,6993057989032551,4503599627370496,0,1,0
7956359341687879,9007199254740992,6993057989032551,4503599627370496,6004799503160661,18014398509481984,0
6175458721210629,9007199254740992,1444969273128625,1125899906842624,2660229622320535,2305843009213693952,0
3543252650995923,2251799813685248,7098814379753539,9007199254740992,1569366347720413,9007199254740992,0
7956359341687879,9007199254740992,6993057989032551,4503599627370496,0,1,0
7956359341687879,9007199254740992,6993057989032551,4503599627370496,6004799503160661,18014398509481984,0
771907589030355,1125899906842624,2890490982192973,2251799813685248,1151819679167805,1152921504606846976,0
7084129555610245,4503599627370496,7100280055746495,9007199254740992,1569620753189517,9007199254740992,0
767101891578735,1125899906842624,5794113510895293,4503599627370496,5980482555149771,18014398509481984,0
8406719304424929,9007199254740992,6993057989032551,4503599627370496,6004799503160661,18014398509481984,0
771907589030355,1125899906842624,2890490982192973,2251799813685248,1151819679167805,1152921504606846976,0
7084129555610245,4503599627370496,7100280055746495,9007199254740992,1569620753189517,9007199254740992,0
767101891578735,1125899906842624,5794113510895293,4503599627370496,5980482555149771,18014398509481984,0
7956359341687879,9007199254740992,6993057989032551,4503599627370496,6004799503160661,18014398509481984,0
771907589030355,1125899906842624,2890490982192973,2251799813685248,1151819679167805,1152921504606846976,0
7084129555610245,4503599627370496,7100280055746495,9007199254740992,1569620753189517,9007199254740992,0
7956359341687879,9007199254740992,6993057989032551,4503599627370496,0,1,0
8406719304424929,9007199254740992,6993057989032551,4503599627370496,6004799503160661,18014398509481984,0
771907589030355,1125899906842624,2890490982192973,2251799813685248,1151819679167805,1152921504606846976,0
7084129555610245,4503599627370496,7100280055746495,9007199254740992,1569620753189517,9007199254740992,0
8406719304424929,9007199254740992,6993057989032551,4503599627370496,0,1,0
8406719304424929,9007199254740992,6993057989032551,4503599627370496,6004799503160661,18014398509481984,0
771907589030355,1125899906842624,2890490982192973,2251799813685248,1151819679167805,1152921504606846976,0
7084129555610245,4503599627370496,7100280055746495,9007199254740992,1569620753189517,9007199254740992,0
8406719304424929,9007199254740992,6993057989032551,4503599627370496,0,1,0
8406719304424929,9007199254740992,6993057989032551,4503599627370496,6004799503160661,18014398509481984,0
6570196790087321,9007199254740992,5822046406013051,4503599627370496,5981326794523471,9223372036854775808,0
3604887837035491,2251799813685248,3411132784334139,4503599627370496,6271561414794047,36028797018963968,0
8406719304424929,9007199254740992,6993057989032551,4503599627370496,0,1,0
8406719304424929,9007199254740992,6993057989032551,4503599627370496,6004799503160661,18014398509481984,0
771907589030355,1125899906842624,2890490982192973,2251799813685248,1151819679167805,1152921504606846976,0
7084129555610245,4503599627370496,7100280055746495,9007199254740992,1569620753189517,9007199254740992,0
767101891578735,1125899906842624,5794113510895293,4503599627370496,5980482555149771,18014398509481984,0
8406719304424929,9007199254740992,6993057989032551,4503599627370496,6004799503160661,18014398509481984,0
6570196790087321,9007199254740992,5822046406013051,4503599627370496,5981326794523471,9223372036854775808,0
3604887837035491,2251799813685248,3411132784334139,4503599627370496,6271561414794047,36028797018963968,0
6533808541810559,9007199254740992,2918548579059109,2251799813685248,5988096808445845,18014398509481984,0
8406719304424929,9007199254740992,6993057989032551,4503599627370496,6004799503160661,18014398509481984,0
6570196790087321,9007199254740992,5822046406013051,4503599627370496,5981326794523471,9223372036854775808,0
3604887837035491,2251799813685248,3411132784334139,4503599627370496,6271561414794047,36028797018963968,0
6533808541810559,9007199254740992,2918548579059109,2251799813685248,5988096808445845,18014398509481984,0
8406719304424929,9007199254740992,6993057989032551,4503599627370496,6004799503160661,18014398509481984,0
3299111843843517,4503599627370496,5790884297150615,4503599627370496,5206819136597069,4611686018427387904,0
908636576424609,562949953421312,1757497276420681,2251799813685248,1566804185150327,9007199254740992,0
6559577083898953,9007199254740992,5804110918791797,4503599627370496,5983462564554953,18014398509481984,0
8406719304424929,9007199254740992,6993057989032551,4503599627370496,6004799503160661,18014398509481984,0
6570196790087321,9007199254740992,5822046406013051,4503599627370496,5981326794523471,9223372036854775808,0
3604887837035491,2251799813685248,3411132784334139,4503599627370496,6271561414794047,36028797018963968,0
8406719304424929,9007199254740992,6993057989032551,4503599627370496,0,1,0
8406719304424929,9007199254740992,6993057989032551,4503599627370496,6004799503160661,18014398509481984,0
3299111843843517,4503599627370496,5790884297150615,4503599627370496,5206819136597069,4611686018427387904,0
908636576424609,562949953421312,1757497276420681,2251799813685248,1566804185150327,9007199254740992,0
8406719304424929,9007199254740992,6993057989032551,4503599627370496,0,1,0
8406719304424929,9007199254740992,6993057989032551,4503599627370496,6004799503160661,18014398509481984,0
1649147595926665,2251799813685248,2895943002618659,2251799813685248,8795388342642773,9223372036854775808,0
3633368794616793,2251799813685248,3514226378404741,4503599627370496,6269195533442259,36028797018963968,0
204979925812797,281474976710656,1451279856420321,1125899906842624,5980616263010859,18014398509481984,0
8857079267161979,9007199254740992,6993057989032551,4503599627370496,6004799503160661,18014398509481984,0
1649147595926665,2251799813685248,2895943002618659,2251799813685248,8795388342642773,9223372036854775808,0
3633368794616793,2251799813685248,3514226378404741,4503599627370496,6269195533442259,36028797018963968,0
204979925812797,281474976710656,1451279856420321,1125899906842624,5980616263010859,18014398509481984,0
8406719304424929,9007199254740992,6993057989032551,4503599627370496,6004799503160661,18014398509481984,0
1649147595926665,2251799813685248,2895943002618659,2251799813685248,8795388342642773,9223372036854775808,0
3633368794616793,2251799813685248,3514226378404741,4503599627370496,6269195533442259,36028797018963968,0
8406719304424929,9007199254740992,6993057989032551,4503599627370496,0,1,0
8857079267161979,9007199254740992,6993057989032551,4503599627370496,6004799503160661,18014398509481984,0
1649147595926665,2251799813685248,2895943002618659,2251799813685248,8795388342642773,9223372036854775808,0
3633368794616793,2251799813685248,3514226378404741,4503599627370496,6269195533442259,36028797018963968,0
8857079267161979,9007199254740992,6993057989032551,4503599627370496,0,1,0
8857079267161979,9007199254740992,6993057989032551,4503599627370496,6004799503160661,18014398509481984,0
1649147595926665,2251799813685248,2895943002618659,2251799813685248,8795388342642773,9223372036854775808,0
3633368794616793,2251799813685248,3514226378404741,4503599627370496,6269195533442259,36028797018963968,0
8857079267161979,9007199254740992,6993057989032551,4503599627370496,0,1,0
8857079267161979,9007199254740992,6993057989032551,4503599627370496,6004799503160661,18014398509481984,0
6965685584519075,9007199254740992,5844169469222207,4503599627370496,777957573303907,1152921504606846976,0
7335562560225675,4503599627370496,3327203841914517,4503599627370496,6277823434356479,36028797018963968,0
8857079267161979,9007199254740992,6993057989032551,4503599627370496,0,1,0
8857079267161979,9007199254740992,6993057989032551,4503599627370496,6004799503160661,18014398509481984,0
1649147595926665,2251799813685248,2895943002618659,2251799813685248,8795388342642773,9223372036854775808,0
3633368794616793,2251799813685248,3514226378404741,4503599627370496,6269195533442259,36028797018963968,0
204979925812797,281474976710656,1451279856420321,1125899906842624,5980616263010859,18014398509481984,0
8857079267161979,9007199254740992,6993057989032551,4503599627370496,6004799503160661,18014398509481984,0
6965685584519075,9007199254740992,5844169469222207,4503599627370496,777957573303907,1152921504606846976,0
7335562560225675,4503599627370496,3327203841914517,4503599627370496,6277823434356479,36028797018963968,0
6931476181059245,9007199254740992,183123770435723,140737488355328,748682767325483,2251799813685248,0
8857079267161979,9007199254740992,6993057989032551,4503599627370496,6004799503160661,18014398509481984,0
6965685584519075,9007199254740992,5844169469222207,4503599627370496,777957573303907,1152921504606846976,0
7335562560225675,4503599627370496,3327203841914517,4503599627370496,6277823434356479,36028797018963968,0
6931476181059245,9007199254740992,183123770435723,140737488355328,748682767325483,2251799813685248,0
8857079267161979,9007199254740992,6993057989032551,4503599627370496,6004799503160661,18014398509481984,0
3480040401570643,4503599627370496,182093264960039,140737488355328,2573176497804163,2305843009213693952,0
3679281820023481,2251799813685248,6793185744650391,9007199254740992,392538744264605,2251799813685248,0
3460597107164419,4503599627370496,5841341178683451,4503599627370496,747812746659975,2251799813685248,0
8857079267161979,9007199254740992,6993057989032551,4503599627370496,6004799503160661,18014398509481984,0
6965685584519075,9007199254740992,5844169469222207,4503599627370496,777957573303907,1152921504606846976,0
7335562560225675,4503599627370496,3327203841914517,4503599627370496,6277823434356479,36028797018963968,0
8857079267161979,9007199254740992,6993057989032551,4503599627370496,0,1,0
8857079267161979,9007199254740992,6993057989032551,4503599627370496,6004799503160661,18014398509481984,0
3480040401570643,4503599627370496,182093264960039,140737488355328,2573176497804163,2305843009213693952,0
3679281820023481,2251799813685248,6793185744650391,9007199254740992,392538744264605,2251799813685248,0
8857079267161979,9007199254740992,6993057989032551,4503599627370496,0,1,0
8857079267161979,9007199254740992,6993057989032551,4503599627370496,6004799503160661,18014398509481984,0
6958533012713993,9007199254740992,1456879079002343,1125899906842624,2181621096499759,2305843009213693952,0
1839334749275321,1125899906842624,848967908260129,1125899906842624,3141466410829593,18014398509481984,0
6920939004437093,9007199254740992,5841831563840783,4503599627370496,2989869875077095,9007199254740992,0
2326859807474757,2251799813685248,6993057989032551,4503599627370496,6004799503160661,18014398509481984,0
6958533012713993,9007199254740992,1456879079002343,1125899906842624,2181621096499759,2305843009213693952,0
1839334749275321,1125899906842624,848967908260129,1125899906842624,3141466410829593,18014398509481984,0
6920939004437093,9007199254740992,5841831563840783,4503599627370496,2989869875077095,9007199254740992,0
8857079267161979,9007199254740992,6993057989032551,4503599627370496,6004799503160661,18014398509481984,0
6958533012713993,9007199254740992,1456879079002343,1125899906842624,2181621096499759,2305843009213693952,0
1839334749275321,1125899906842624,848967908260129,1125899906842624,3141466410829593,18014398509481984,0
8857079267161979,9007199254740992,6993057989032551,4503599627370496,0,1,0
2326859807474757,2251799813685248,6993057989032551,4503599627370496,6004799503160661,18014398509481984,0
6958533012713993,9007199254740992,1456879079002343,1125899906842624,2181621096499759,2305843009213693952,0
1839334749275321,1125899906842624,848967908260129,1125899906842624,3141466410829593,18014398509481984,0
2326859807474757,2251799813685248,6993057989032551,4503599627370496,0,1,0
2326859807474757,2251799813685248,6993057989032551,4503599627370496,6004799503160661,18014398509481984,0
6958533012713993,9007199254740992,1456879079002343,1125899906842624,2181621096499759,2305843009213693952,0
1839334749275321,1125899906842624,848967908260129,1125899906842624,3141466410829593,18014398509481984,0
2326859807474757,2251799813685248,6993057989032551,4503599627370496,0,1,0
2326859807474757,2251799813685248,6993057989032551,4503599627370496,6004799503160661,18014398509481984,0
1828521857003389,2251799813685248,2945018840862443,2251799813685248,6094872814980447,9223372036854775808,0
3689012265869595,2251799813685248,794260525813961,1125899906842624,787150862833497,4503599627370496,0
2326859807474757,2251799813685248,6993057989032551,4503599627370496,0,1,0
2326859807474757,2251799813685248,6993057989032551,4503599627370496,6004799503160661,18014398509481984,0
6958533012713993,9007199254740992,1456879079002343,1125899906842624,2181621096499759,2305843009213693952,0
1839334749275321,1125899906842624,848967908260129,1125899906842624,3141466410829593,18014398509481984,0
6920939004437093,9007199254740992,5841831563840783,4503599627370496,2989869875077095,9007199254740992,0
2326859807474757,2251799813685248,6993057989032551,4503599627370496,6004799503160661,18014398509481984,0
1828521857003389,2251799813685248,2945018840862443,2251799813685248,6094872814980447,9223372036854775808,0
3689012265869595,2251799813685248,794260525813961,1125899906842624,787150862833497,4503599627370496,0
1820437996100075,2251799813685248,5907625924414089,4503599627370496,5991430819317735,18014398509481984,0
2326859807474757,2251799813685248,6993057989032551,4503599627370496,6004799503160661,18014398509481984,0
1828521857003389,2251799813685248,2945018840862443,2251799813685248,6094872814980447,9223372036854775808,0
3689012265869595,2251799813685248,794260525813961,1125899906842624,787150862833497,4503599627370496,0
2326859807474757,2251799813685248,6993057989032551,4503599627370496,0,1,0
2326859807474757,2251799813685248,6993057989032551,4503599627370496,6004799503160661,18014398509481984,0
7279937376539351,9007199254740992,735692858696979,562949953421312,5218370779290775,4611686018427387904,0
1841902036942435,1125899906842624,6444169196595177,9007199254740992,394160830936875,2251799813685248,0
2326859807474757,2251799813685248,6993057989032551,4503599627370496,0,1,0
2326859807474757,2251799813685248,6993057989032551,4503599627370496,6004799503160661,18014398509481984,0
1828521857003389,2251799813685248,2945018840862443,2251799813685248,6094872814980447,9223372036854775808,0
3689012265869595,2251799813685248,794260525813961,1125899906842624,787150862833497,4503599627370496,0
1820437996100075,2251799813685248,5907625924414089,4503599627370496,5991430819317735,18014398509481984,0
2326859807474757,2251799813685248,6993057989032551,4503599627370496,6004799503160661,18014398509481984,0
7279937376539351,9007199254740992,735692858696979,562949953421312,5218370779290775,4611686018427387904,0
1841902036942435,1125899906842624,6444169196595177,9007199254740992,394160830936875,2251799813685248,0
226253261495813,281474976710656,5901785368412525,4503599627370496,5980510539986041,18014398509481984,0
2326859807474757,2251799813685248,6993057989032551,4503599627370496,6004799503160661,18014398509481984,0
7279119327770341,9007199254740992,2942801680420753,2251799813685248,4464734705789957,4611686018427387904,0
1841906188935013,1125899906842624,402760785087659,562949953421312,6308862185050763,36028797018963968,0
2326859807474757,2251799813685248,6993057989032551,4503599627370496,0,1,0
4878899596318039,4503599627370496,6993057989032551,4503599627370496,6004799503160661,18014398509481984,0
7279119327770341,9007199254740992,2942801680420753,2251799813685248,4464734705789957,4611686018427387904,0
1841906188935013,1125899906842624,402760785087659,562949953421312,6308862185050763,36028797018963968,0
4878899596318039,4503599627370496,6993057989032551,4503599627370496,0,1,0
2326859807474757,2251799813685248,6993057989032551,4503599627370496,6004799503160661,18014398509481984,0
7279119327770341,9007199254740992,2942801680420753,2251799813685248,4464734705789957,4611686018427387904,0
1841906188935013,1125899906842624,402760785087659,562949953421312,6308862185050763,36028797018963968,0
7240399357697833,9007199254740992,2950887113078045,2251799813685248,2988896592052491,9007199254740992,0
4878899596318039,4503599627370496,6993057989032551,4503599627370496,6004799503160661,18014398509481984,0
7279119327770341,9007199254740992,2942801680420753,2251799813685248,4464734705789957,4611686018427387904,0
1841906188935013,1125899906842624,402760785087659,562949953421312,6308862185050763,36028797018963968,0
7240399357697833,9007199254740992,2950887113078045,2251799813685248,2988896592052491,9007199254740992,0
4878899596318039,4503599627370496,6993057989032551,4503599627370496,6004799503160661,18014398509481984,0
7279119327770341,9007199254740992,2942801680420753,2251799813685248,4464734705789957,4611686018427387904,0
1841906188935013,1125899906842624,402760785087659,562949953421312,6308862185050763,36028797018963968,0
4878899596318039,4503599627370496,6993057989032551,4503599627370496,0,1,0
4878899596318039,4503599627370496,6993057989032551,4503599627370496,6004799503160661,18014398509481984,0
7634812293107827,9007199254740992,5955814747984011,4503599627370496,2685940009014093,4611686018427387904,0
459582155726761,281474976710656,5985878094616387,9007199254740992,6320493842280557,36028797018963968,0
4878899596318039,4503599627370496,6993057989032551,4503599627370496,0,1,0
