0,1,2573485501354569,9007199254740992,8994331827234219,9007199254740992,0
-2894765921236787,40564819207303340847894502572032,5353136150953509,18014398509481984,4550008606972341,81129638414606681695789005144064,0
395547975454151,5070602400912917605986812821504,2920941832554437,2251799813685248,9007199254740991,9007199254740992,0
-5380276020010197,162259276829213363391578010288128,5841883665108873,4503599627370496,-1730798005663267,10141204801825835211973625643008,0
0,1,2573485501354569,9007199254740992,8994331827234219,9007199254740992,0
-1887613270193971,40564819207303340847894502572032,5001272674527227,18014398509481984,2248494777185101,81129638414606681695789005144064,0
4595021364257037,162259276829213363391578010288128,5753917796002303,4503599627370496,9007199254740991,9007199254740992,0
-4230187516286773,40564819207303340847894502572032,5753917796002303,4503599627370496,-70715059090931,633825300114114700748351602688,0
-5380276020010197,162259276829213363391578010288128,5841883665108873,4503599627370496,-1730798005663267,10141204801825835211973625643008,0
-2962910567368429,81129638414606681695789005144064,669142018869189,2251799813685248,4503599627370497,4503599627370496,0
395547975454151,5070602400912917605986812821504,2920941832554437,2251799813685248,9007199254740991,9007199254740992,0
-2894765921236787,40564819207303340847894502572032,5353136150953509,18014398509481984,4550008606972341,81129638414606681695789005144064,0
-4230187516286773,40564819207303340847894502572032,5753917796002303,4503599627370496,-70715059090931,633825300114114700748351602688,0
3566529699743327,81129638414606681695789005144064,2500636337263615,9007199254740992,1,1,0
4595021364257037,162259276829213363391578010288128,5753917796002303,4503599627370496,9007199254740991,9007199254740992,0
-1887613270193971,40564819207303340847894502572032,5001272674527227,18014398509481984,2248494777185101,81129638414606681695789005144064,0
1,1,669142018869189,2251799813685248,4503599627370497,4503599627370496,0
1,1,2920941832554437,2251799813685248,4503599627370495,4503599627370496,0
1,1,5353136150953507,18014398509481984,340687581224469,20282409603651670423947251286016,0
1,1,5841883665108873,4503599627370496,-7667068059270621,20282409603651670423947251286016,0
9007199254740991,9007199254740992,5001272674527229,18014398509481984,1,1,0
1,1,5753917796002303,4503599627370496,9007199254740991,9007199254740992,0
1,1,5001272674527223,18014398509481984,-1221794564056719,5070602400912917605986812821504,0
1,1,5753917796002303,4503599627370496,-2265229972637781,20282409603651670423947251286016,0
-5380276020010197,162259276829213363391578010288128,5841883665108873,4503599627370496,-1730798005663267,10141204801825835211973625643008,0
-2894765921236787,40564819207303340847894502572032,5353136150953509,18014398509481984,4550008606972341,81129638414606681695789005144064,0
1,1,5841883665108873,4503599627370496,-7667068059270621,20282409603651670423947251286016,0
1,1,5353136150953507,18014398509481984,340687581224469,20282409603651670423947251286016,0
-4230187516286773,40564819207303340847894502572032,5753917796002303,4503599627370496,-70715059090931,633825300114114700748351602688,0
-1887613270193971,40564819207303340847894502572032,5001272674527227,18014398509481984,2248494777185101,81129638414606681695789005144064,0
1,1,5753917796002303,4503599627370496,-2265229972637781,20282409603651670423947251286016,0
1,1,5001272674527223,18014398509481984,-1221794564056719,5070602400912917605986812821504,0
1,1,669142018869189,2251799813685248,4503599627370497,4503599627370496,0
-2962910567368429,81129638414606681695789005144064,669142018869189,2251799813685248,4503599627370497,4503599627370496,0
1,1,2920941832554437,2251799813685248,4503599627370495,4503599627370496,0
395547975454151,5070602400912917605986812821504,2920941832554437,2251799813685248,9007199254740991,9007199254740992,0
9007199254740991,9007199254740992,5001272674527229,18014398509481984,1,1,0
3566529699743327,81129638414606681695789005144064,2500636337263615,9007199254740992,1,1,0
1,1,5753917796002303,4503599627370496,9007199254740991,9007199254740992,0
4595021364257037,162259276829213363391578010288128,5753917796002303,4503599627370496,9007199254740991,9007199254740992,0
1,1,5353136150953507,18014398509481984,340687581224469,20282409603651670423947251286016,0
-2962910567368429,81129638414606681695789005144064,669142018869189,2251799813685248,4503599627370497,4503599627370496,0
-2894765921236787,40564819207303340847894502572032,5353136150953509,18014398509481984,4550008606972341,81129638414606681695789005144064,0
1,1,669142018869189,2251799813685248,4503599627370497,4503599627370496,0
1,1,5001272674527223,18014398509481984,-1221794564056719,5070602400912917605986812821504,0
3566529699743327,81129638414606681695789005144064,2500636337263615,9007199254740992,1,1,0
-1887613270193971,40564819207303340847894502572032,5001272674527227,18014398509481984,2248494777185101,81129638414606681695789005144064,0
9007199254740991,9007199254740992,5001272674527229,18014398509481984,1,1,0
1,1,5841883665108873,4503599627370496,-7667068059270621,20282409603651670423947251286016,0
1,1,669142018869189,2251799813685248,4503599627370497,4503599627370496,0
1,1,5353136150953507,18014398509481984,340687581224469,20282409603651670423947251286016,0
1,1,2920941832554437,2251799813685248,4503599627370495,4503599627370496,0
1,1,5753917796002303,4503599627370496,-2265229972637781,20282409603651670423947251286016,0
9007199254740991,9007199254740992,5001272674527229,18014398509481984,1,1,0
1,1,5001272674527223,18014398509481984,-1221794564056719,5070602400912917605986812821504,0
1,1,5753917796002303,4503599627370496,9007199254740991,9007199254740992,0
-2962910567368429,81129638414606681695789005144064,669142018869189,2251799813685248,4503599627370497,4503599627370496,0
1,1,669142018869189,2251799813685248,4503599627370497,4503599627370496,0
-2894765921236787,40564819207303340847894502572032,5353136150953509,18014398509481984,4550008606972341,81129638414606681695789005144064,0
1,1,5353136150953507,18014398509481984,340687581224469,20282409603651670423947251286016,0
3566529699743327,81129638414606681695789005144064,2500636337263615,9007199254740992,1,1,0
9007199254740991,9007199254740992,5001272674527229,18014398509481984,1,1,0
-1887613270193971,40564819207303340847894502572032,5001272674527227,18014398509481984,2248494777185101,81129638414606681695789005144064,0
1,1,5001272674527223,18014398509481984,-1221794564056719,5070602400912917605986812821504,0
395547975454151,5070602400912917605986812821504,2920941832554437,2251799813685248,9007199254740991,9007199254740992,0
-5380276020010197,162259276829213363391578010288128,5841883665108873,4503599627370496,-1730798005663267,10141204801825835211973625643008,0
1,1,2920941832554437,2251799813685248,4503599627370495,4503599627370496,0
1,1,5841883665108873,4503599627370496,-7667068059270621,20282409603651670423947251286016,0
4595021364257037,162259276829213363391578010288128,5753917796002303,4503599627370496,9007199254740991,9007199254740992,0
-4230187516286773,40564819207303340847894502572032,5753917796002303,4503599627370496,-70715059090931,633825300114114700748351602688,0
1,1,5753917796002303,4503599627370496,9007199254740991,9007199254740992,0
1,1,5753917796002303,4503599627370496,-2265229972637781,20282409603651670423947251286016,0
1,1,5841883665108873,4503599627370496,-7667068059270621,20282409603651670423947251286016,0
-5380276020010197,162259276829213363391578010288128,5841883665108873,4503599627370496,-1730798005663267,10141204801825835211973625643008,0
395547975454151,5070602400912917605986812821504,2920941832554437,2251799813685248,9007199254740991,9007199254740992,0
1,1,2920941832554437,2251799813685248,4503599627370495,4503599627370496,0
1,1,5753917796002303,4503599627370496,-2265229972637781,20282409603651670423947251286016,0
-4230187516286773,40564819207303340847894502572032,5753917796002303,4503599627370496,-70715059090931,633825300114114700748351602688,0
4595021364257037,162259276829213363391578010288128,5753917796002303,4503599627370496,9007199254740991,9007199254740992,0
1,1,5753917796002303,4503599627370496,9007199254740991,9007199254740992,0
1,1,5353136150953507,18014398509481984,340687581224469,20282409603651670423947251286016,0
-2894765921236787,40564819207303340847894502572032,5353136150953509,18014398509481984,4550008606972341,81129638414606681695789005144064,0
-5380276020010197,162259276829213363391578010288128,5841883665108873,4503599627370496,-1730798005663267,10141204801825835211973625643008,0
1,1,5841883665108873,4503599627370496,-7667068059270621,20282409603651670423947251286016,0
1,1,5001272674527223,18014398509481984,-1221794564056719,5070602400912917605986812821504,0
-1887613270193971,40564819207303340847894502572032,5001272674527227,18014398509481984,2248494777185101,81129638414606681695789005144064,0
-4230187516286773,40564819207303340847894502572032,5753917796002303,4503599627370496,-70715059090931,633825300114114700748351602688,0
1,1,5753917796002303,4503599627370496,-2265229972637781,20282409603651670423947251286016,0
395547975454151,5070602400912917605986812821504,2920941832554437,2251799813685248,9007199254740991,9007199254740992,0
-2962910567368429,81129638414606681695789005144064,669142018869189,2251799813685248,4503599627370497,4503599627370496,0
1,1,669142018869189,2251799813685248,4503599627370497,4503599627370496,0
1,1,2920941832554437,2251799813685248,4503599627370495,4503599627370496,0
4595021364257037,162259276829213363391578010288128,5753917796002303,4503599627370496,9007199254740991,9007199254740992,0
3566529699743327,81129638414606681695789005144064,2500636337263615,9007199254740992,1,1,0
9007199254740991,9007199254740992,5001272674527229,18014398509481984,1,1,0
1,1,5753917796002303,4503599627370496,9007199254740991,9007199254740992,0
-2962910567368429,81129638414606681695789005144064,669142018869189,2251799813685248,4503599627370497,4503599627370496,0
-2894765921236787,40564819207303340847894502572032,5353136150953509,18014398509481984,4550008606972341,81129638414606681695789005144064,0
395547975454151,5070602400912917605986812821504,2920941832554437,2251799813685248,9007199254740991,9007199254740992,0
-5380276020010197,162259276829213363391578010288128,5841883665108873,4503599627370496,-1730798005663267,10141204801825835211973625643008,0
3566529699743327,81129638414606681695789005144064,2500636337263615,9007199254740992,1,1,0
-1887613270193971,40564819207303340847894502572032,5001272674527227,18014398509481984,2248494777185101,81129638414606681695789005144064,0
4595021364257037,162259276829213363391578010288128,5753917796002303,4503599627370496,9007199254740991,9007199254740992,0
-4230187516286773,40564819207303340847894502572032,5753917796002303,4503599627370496,-70715059090931,633825300114114700748351602688,0
3052888959961,2535301200456458802993406410752,2594102016179009,9007199254740992,1,1,1
-1,2,2573485501354569,9007199254740992,3374482863651179,2251799813685248,1
1,2,2573485501354569,9007199254740992,3374482863651179,2251799813685248,1
0,1,2573485501354569,9007199254740992,8994331827234219,9007199254740992,1
3728409816310513,40564819207303340847894502572032,625159084315903,2251799813685248,9007199254740991,9007199254740992,1
-1,2,2573485501354569,9007199254740992,3374482863651179,2251799813685248,1
1,2,2573485501354569,9007199254740992,3374482863651179,2251799813685248,1
0,1,2573485501354569,9007199254740992,8994331827234219,9007199254740992,1
9007199254740991,9007199254740992,5188204032358017,18014398509481984,4503599627370497,4503599627370496,1
1,2,2573485501354569,9007199254740992,3374482863651179,2251799813685248,1
3,2,2573485501354569,9007199254740992,3374482863651179,2251799813685248,1
1,1,2573485501354569,9007199254740992,8994331827234219,9007199254740992,1
1,1,5001272674527227,18014398509481984,4503599627370495,4503599627370496,1
1,2,2573485501354569,9007199254740992,3374482863651179,2251799813685248,1
3,2,2573485501354569,9007199254740992,3374482863651179,2251799813685248,1
1,1,2573485501354569,9007199254740992,8994331827234219,9007199254740992,1
3052888959961,2535301200456458802993406410752,2594102016179009,9007199254740992,1,1,0
-1,2,2573485501354569,9007199254740992,4490732199863723,9007199254740992,0
0,1,2573485501354569,9007199254740992,8994331827234219,9007199254740992,0
1,2,2573485501354569,9007199254740992,-4516467054877269,9007199254740992,0
3728409816310513,40564819207303340847894502572032,625159084315903,2251799813685248,9007199254740991,9007199254740992,0
-1,2,2573485501354569,9007199254740992,4490732199863723,9007199254740992,0
0,1,2573485501354569,9007199254740992,8994331827234219,9007199254740992,0
1,2,2573485501354569,9007199254740992,-4516467054877269,9007199254740992,0
-2422674239051745,40564819207303340847894502572032,5188204032358015,18014398509481984,3471199417172367,81129638414606681695789005144064,0
-1,2,2573485501354569,9007199254740992,-4516467054877269,9007199254740992,0
-1,2,2573485501354569,9007199254740992,4490732199863723,9007199254740992,0
1,2,2573485501354569,9007199254740992,-4516467054877269,9007199254740992,0
-3146152890128353,40564819207303340847894502572032,5001272674527229,18014398509481984,-915448542431037,40564819207303340847894502572032,0
-1,2,2573485501354569,9007199254740992,-4516467054877269,9007199254740992,0
-1,2,2573485501354569,9007199254740992,4490732199863723,9007199254740992,0
1,2,2573485501354569,9007199254740992,-4516467054877269,9007199254740992,0
3052888959961,2535301200456458802993406410752,2594102016179009,9007199254740992,1,1,0
0,1,2573485501354569,9007199254740992,8994331827234219,9007199254740992,0
1,2,2573485501354569,9007199254740992,3374482863651179,2251799813685248,0
1,2,2573485501354569,9007199254740992,-4516467054877269,9007199254740992,0
3728409816310513,40564819207303340847894502572032,625159084315903,2251799813685248,9007199254740991,9007199254740992,0
0,1,2573485501354569,9007199254740992,8994331827234219,9007199254740992,0
1,2,2573485501354569,9007199254740992,3374482863651179,2251799813685248,0
1,2,2573485501354569,9007199254740992,-4516467054877269,9007199254740992,0
9007199254740991,9007199254740992,5188204032358017,18014398509481984,4503599627370497,4503599627370496,0
1,1,2573485501354569,9007199254740992,8994331827234219,9007199254740992,0
1,2,2573485501354569,9007199254740992,-4516467054877269,9007199254740992,0
1,2,2573485501354569,9007199254740992,3374482863651179,2251799813685248,0
1,1,5001272674527227,18014398509481984,4503599627370495,4503599627370496,0
1,1,2573485501354569,9007199254740992,8994331827234219,9007199254740992,0
1,2,2573485501354569,9007199254740992,-4516467054877269,9007199254740992,0
1,2,2573485501354569,9007199254740992,3374482863651179,2251799813685248,0
1,1,1297051008089503,4503599627370496,-4219633587088071,40564819207303340847894502572032,0
3,2,2573485501354569,9007199254740992,-4516467054877269,9007199254740992,0
1,2,2573485501354569,9007199254740992,-4516467054877269,9007199254740992,0
3,2,2573485501354569,9007199254740992,4490732199863723,9007199254740992,0
4503599627370497,4503599627370496,5001272674527229,18014398509481984,-6893847575208567,40564819207303340847894502572032,0
3,2,2573485501354569,9007199254740992,-4516467054877269,9007199254740992,0
1,2,2573485501354569,9007199254740992,-4516467054877269,9007199254740992,0
3,2,2573485501354569,9007199254740992,4490732199863723,9007199254740992,0
1,1,1297051008089503,4503599627370496,-4219633587088071,40564819207303340847894502572032,0
1,1,2573485501354569,9007199254740992,8994331827234219,9007199254740992,0
1,2,2573485501354569,9007199254740992,-4516467054877269,9007199254740992,0
1,2,2573485501354569,9007199254740992,3374482863651179,2251799813685248,0
4503599627370497,4503599627370496,5001272674527229,18014398509481984,-6893847575208567,40564819207303340847894502572032,0
1,1,2573485501354569,9007199254740992,8994331827234219,9007199254740992,0
1,2,2573485501354569,9007199254740992,-4516467054877269,9007199254740992,0
1,2,2573485501354569,9007199254740992,3374482863651179,2251799813685248,0
3052888959961,2535301200456458802993406410752,2594102016179009,9007199254740992,1,1,0
0,1,2573485501354569,9007199254740992,8994331827234219,9007199254740992,0
-1,2,2573485501354569,9007199254740992,4490732199863723,9007199254740992,0
-1,2,2573485501354569,9007199254740992,3374482863651179,2251799813685248,0
3728409816310513,40564819207303340847894502572032,625159084315903,2251799813685248,9007199254740991,9007199254740992,0
0,1,2573485501354569,9007199254740992,8994331827234219,9007199254740992,0
-1,2,2573485501354569,9007199254740992,4490732199863723,9007199254740992,0
-1,2,2573485501354569,9007199254740992,3374482863651179,2251799813685248,0
9007199254740991,9007199254740992,5188204032358017,18014398509481984,4503599627370497,4503599627370496,0
3,2,2573485501354569,9007199254740992,3374482863651179,2251799813685248,0
3,2,2573485501354569,9007199254740992,4490732199863723,9007199254740992,0
1,1,2573485501354569,9007199254740992,8994331827234219,9007199254740992,0
1,1,5001272674527227,18014398509481984,4503599627370495,4503599627370496,0
3,2,2573485501354569,9007199254740992,3374482863651179,2251799813685248,0
3,2,2573485501354569,9007199254740992,4490732199863723,9007199254740992,0
1,1,2573485501354569,9007199254740992,8994331827234219,9007199254740992,0
-2422674239051745,40564819207303340847894502572032,5188204032358015,18014398509481984,3471199417172367,81129638414606681695789005144064,1
-1,2,2573485501354569,9007199254740992,4490732199863723,9007199254740992,1
0,1,2573485501354569,9007199254740992,8994331827234219,9007199254740992,1
1,2,2573485501354569,9007199254740992,-4516467054877269,9007199254740992,1
-3146152890128353,40564819207303340847894502572032,5001272674527229,18014398509481984,-915448542431037,40564819207303340847894502572032,1
-1,2,2573485501354569,9007199254740992,4490732199863723,9007199254740992,1
0,1,2573485501354569,9007199254740992,8994331827234219,9007199254740992,1
1,2,2573485501354569,9007199254740992,-4516467054877269,9007199254740992,1
-2422674239051745,40564819207303340847894502572032,5188204032358015,18014398509481984,3471199417172367,81129638414606681695789005144064,0
0,1,2573485501354569,9007199254740992,8994331827234219,9007199254740992,0
1,2,2573485501354569,9007199254740992,3374482863651179,2251799813685248,0
1,2,2573485501354569,9007199254740992,-4516467054877269,9007199254740992,0
-3146152890128353,40564819207303340847894502572032,5001272674527229,18014398509481984,-915448542431037,40564819207303340847894502572032,0
0,1,2573485501354569,9007199254740992,8994331827234219,9007199254740992,0
1,2,2573485501354569,9007199254740992,3374482863651179,2251799813685248,0
1,2,2573485501354569,9007199254740992,-4516467054877269,9007199254740992,0
9007199254740991,9007199254740992,5188204032358017,18014398509481984,4503599627370497,4503599627370496,0
3,2,2573485501354569,9007199254740992,4490732199863723,9007199254740992,0
1,2,2573485501354569,9007199254740992,-4516467054877269,9007199254740992,0
1,1,2573485501354569,9007199254740992,8994331827234219,9007199254740992,0
1,1,5001272674527227,18014398509481984,4503599627370495,4503599627370496,0
3,2,2573485501354569,9007199254740992,4490732199863723,9007199254740992,0
1,2,2573485501354569,9007199254740992,-4516467054877269,9007199254740992,0
1,1,2573485501354569,9007199254740992,8994331827234219,9007199254740992,0
1,1,1297051008089503,4503599627370496,-4219633587088071,40564819207303340847894502572032,1
3,2,2573485501354569,9007199254740992,4490732199863723,9007199254740992,1
1,2,2573485501354569,9007199254740992,-4516467054877269,9007199254740992,1
1,1,2573485501354569,9007199254740992,8994331827234219,9007199254740992,1
4503599627370497,4503599627370496,5001272674527229,18014398509481984,-6893847575208567,40564819207303340847894502572032,1
3,2,2573485501354569,9007199254740992,4490732199863723,9007199254740992,1
1,2,2573485501354569,9007199254740992,-4516467054877269,9007199254740992,1
1,1,2573485501354569,9007199254740992,8994331827234219,9007199254740992,1
0,1,2573485501354569,9007199254740992,8994331827234219,9007199254740992,0
3052888959961,2535301200456458802993406410752,2594102016179009,9007199254740992,1,1,0
8878320889598203,162259276829213363391578010288128,181270332358125,140737488355328,9007199254740991,9007199254740992,0
-2422674239051745,40564819207303340847894502572032,5188204032358015,18014398509481984,3471199417172367,81129638414606681695789005144064,0
0,1,2573485501354569,9007199254740992,8994331827234219,9007199254740992,0
3728409816310513,40564819207303340847894502572032,625159084315903,2251799813685248,9007199254740991,9007199254740992,0
-422967690007073,5070602400912917605986812821504,2876958898001151,2251799813685248,1,1,0
-3146152890128353,40564819207303340847894502572032,5001272674527229,18014398509481984,-915448542431037,40564819207303340847894502572032,0
1,1,2573485501354569,9007199254740992,8994331827234219,9007199254740992,0
1,1,181270332358125,140737488355328,9007199254740991,9007199254740992,0
1,1,1297051008089503,4503599627370496,-4219633587088071,40564819207303340847894502572032,0
1,1,181270332358125,140737488355328,-2567508057023681,10141204801825835211973625643008,0
1,1,2573485501354569,9007199254740992,8994331827234219,9007199254740992,0
1,1,5753917796002303,4503599627370496,1,1,0
4503599627370497,4503599627370496,5001272674527229,18014398509481984,-6893847575208567,40564819207303340847894502572032,0
1,1,11238120695317,8796093022208,-3550999179706061,20282409603651670423947251286016,0
0,1,2573485501354569,9007199254740992,8994331827234219,9007199254740992,0
3052888959961,2535301200456458802993406410752,2594102016179009,9007199254740992,1,1,0
9007199254740991,9007199254740992,5188204032358017,18014398509481984,4503599627370497,4503599627370496,0
1,1,181270332358125,140737488355328,9007199254740991,9007199254740992,0
0,1,2573485501354569,9007199254740992,8994331827234219,9007199254740992,0
3728409816310513,40564819207303340847894502572032,625159084315903,2251799813685248,9007199254740991,9007199254740992,0
1,1,5001272674527227,18014398509481984,4503599627370495,4503599627370496,0
1,1,5753917796002303,4503599627370496,1,1,0
1,1,2573485501354569,9007199254740992,8994331827234219,9007199254740992,0
3052888959961,2535301200456458802993406410752,2594102016179009,9007199254740992,1,1,0
1,1,181270332358125,140737488355328,9007199254740991,9007199254740992,0
8878320889598203,162259276829213363391578010288128,181270332358125,140737488355328,9007199254740991,9007199254740992,0
1,1,2573485501354569,9007199254740992,8994331827234219,9007199254740992,0
3728409816310513,40564819207303340847894502572032,625159084315903,2251799813685248,9007199254740991,9007199254740992,0
1,1,5753917796002303,4503599627370496,1,1,0
-422967690007073,5070602400912917605986812821504,2876958898001151,2251799813685248,1,1,0
0,1,2573485501354569,9007199254740992,8994331827234219,9007199254740992,0
3052888959961,2535301200456458802993406410752,2594102016179009,9007199254740992,1,1,0
-2422674239051745,40564819207303340847894502572032,5188204032358015,18014398509481984,3471199417172367,81129638414606681695789005144064,0
9007199254740991,9007199254740992,5188204032358017,18014398509481984,4503599627370497,4503599627370496,0
0,1,2573485501354569,9007199254740992,8994331827234219,9007199254740992,0
3728409816310513,40564819207303340847894502572032,625159084315903,2251799813685248,9007199254740991,9007199254740992,0
-3146152890128353,40564819207303340847894502572032,5001272674527229,18014398509481984,-915448542431037,40564819207303340847894502572032,0
1,1,5001272674527227,18014398509481984,4503599627370495,4503599627370496,0
1,1,2573485501354569,9007199254740992,8994331827234219,9007199254740992,0
3052888959961,2535301200456458802993406410752,2594102016179009,9007199254740992,1,1,0
9007199254740991,9007199254740992,5188204032358017,18014398509481984,4503599627370497,4503599627370496,0
1,1,181270332358125,140737488355328,9007199254740991,9007199254740992,0
1,1,2573485501354569,9007199254740992,8994331827234219,9007199254740992,0
3728409816310513,40564819207303340847894502572032,625159084315903,2251799813685248,9007199254740991,9007199254740992,0
1,1,5001272674527227,18014398509481984,4503599627370495,4503599627370496,0
1,1,5753917796002303,4503599627370496,1,1,0
0,1,2573485501354569,9007199254740992,8994331827234219,9007199254740992,0
9007199254740991,9007199254740992,5188204032358017,18014398509481984,4503599627370497,4503599627370496,0
-2422674239051745,40564819207303340847894502572032,5188204032358015,18014398509481984,3471199417172367,81129638414606681695789005144064,0
1,1,1297051008089503,4503599627370496,-4219633587088071,40564819207303340847894502572032,0
0,1,2573485501354569,9007199254740992,8994331827234219,9007199254740992,0
1,1,5001272674527227,18014398509481984,4503599627370495,4503599627370496,0
-3146152890128353,40564819207303340847894502572032,5001272674527229,18014398509481984,-915448542431037,40564819207303340847894502572032,0
4503599627370497,4503599627370496,5001272674527229,18014398509481984,-6893847575208567,40564819207303340847894502572032,0
1,1,2573485501354569,9007199254740992,8994331827234219,9007199254740992,0
3052888959961,2535301200456458802993406410752,2594102016179009,9007199254740992,1,1,0
-2422674239051745,40564819207303340847894502572032,5188204032358015,18014398509481984,3471199417172367,81129638414606681695789005144064,0
9007199254740991,9007199254740992,5188204032358017,18014398509481984,4503599627370497,4503599627370496,0
1,1,2573485501354569,9007199254740992,8994331827234219,9007199254740992,0
3728409816310513,40564819207303340847894502572032,625159084315903,2251799813685248,9007199254740991,9007199254740992,0
-3146152890128353,40564819207303340847894502572032,5001272674527229,18014398509481984,-915448542431037,40564819207303340847894502572032,0
1,1,5001272674527227,18014398509481984,4503599627370495,4503599627370496,0
0,1,2573485501354569,9007199254740992,8994331827234219,9007199254740992,0
3052888959961,2535301200456458802993406410752,2594102016179009,9007199254740992,1,1,0
1,1,181270332358125,140737488355328,9007199254740991,9007199254740992,0
8878320889598203,162259276829213363391578010288128,181270332358125,140737488355328,9007199254740991,9007199254740992,0
0,1,2573485501354569,9007199254740992,8994331827234219,9007199254740992,0
3728409816310513,40564819207303340847894502572032,625159084315903,2251799813685248,9007199254740991,9007199254740992,0
1,1,5753917796002303,4503599627370496,1,1,0
-422967690007073,5070602400912917605986812821504,2876958898001151,2251799813685248,1,1,0
0,1,2573485501354569,9007199254740992,8994331827234219,9007199254740992,0
-2422674239051745,40564819207303340847894502572032,5188204032358015,18014398509481984,3471199417172367,81129638414606681695789005144064,0
8878320889598203,162259276829213363391578010288128,181270332358125,140737488355328,9007199254740991,9007199254740992,0
-1348718221962819,20282409603651670423947251286016,181270332358125,140737488355328,-5799424011953675,40564819207303340847894502572032,0
0,1,2573485501354569,9007199254740992,8994331827234219,9007199254740992,0
-3146152890128353,40564819207303340847894502572032,5001272674527229,18014398509481984,-915448542431037,40564819207303340847894502572032,0
-422967690007073,5070602400912917605986812821504,2876958898001151,2251799813685248,1,1,0
-1999629105606211,20282409603651670423947251286016,5753917796002303,4503599627370496,948195603944051,40564819207303340847894502572032,0
1,1,2573485501354569,9007199254740992,8994331827234219,9007199254740992,1
9007199254740991,9007199254740992,5188204032358017,18014398509481984,4503599627370497,4503599627370496,1
1,1,1297051008089503,4503599627370496,-4219633587088071,40564819207303340847894502572032,1
1,1,181270332358125,140737488355328,9007199254740991,9007199254740992,1
1,1,2573485501354569,9007199254740992,8994331827234219,9007199254740992,1
1,1,5001272674527227,18014398509481984,4503599627370495,4503599627370496,1
4503599627370497,4503599627370496,5001272674527229,18014398509481984,-6893847575208567,40564819207303340847894502572032,1
1,1,5753917796002303,4503599627370496,1,1,1
1,1,2573485501354569,9007199254740992,8994331827234219,9007199254740992,0
9007199254740991,9007199254740992,5188204032358017,18014398509481984,4503599627370497,4503599627370496,0
-2422674239051745,40564819207303340847894502572032,5188204032358015,18014398509481984,3471199417172367,81129638414606681695789005144064,0
1,1,1297051008089503,4503599627370496,-4219633587088071,40564819207303340847894502572032,0
1,1,2573485501354569,9007199254740992,8994331827234219,9007199254740992,0
1,1,5001272674527227,18014398509481984,4503599627370495,4503599627370496,0
-3146152890128353,40564819207303340847894502572032,5001272674527229,18014398509481984,-915448542431037,40564819207303340847894502572032,0
4503599627370497,4503599627370496,5001272674527229,18014398509481984,-6893847575208567,40564819207303340847894502572032,0
-1348718221962819,20282409603651670423947251286016,181270332358125,140737488355328,-5799424011953675,40564819207303340847894502572032,0
3052888959961,2535301200456458802993406410752,2594102016179009,9007199254740992,1,1,0
8878320889598203,162259276829213363391578010288128,181270332358125,140737488355328,9007199254740991,9007199254740992,0
-2422674239051745,40564819207303340847894502572032,5188204032358015,18014398509481984,3471199417172367,81129638414606681695789005144064,0
-1999629105606211,20282409603651670423947251286016,5753917796002303,4503599627370496,948195603944051,40564819207303340847894502572032,0
3728409816310513,40564819207303340847894502572032,625159084315903,2251799813685248,9007199254740991,9007199254740992,0
-422967690007073,5070602400912917605986812821504,2876958898001151,2251799813685248,1,1,0
-3146152890128353,40564819207303340847894502572032,5001272674527229,18014398509481984,-915448542431037,40564819207303340847894502572032,0
9007199254740991,9007199254740992,5188204032358017,18014398509481984,4503599627370497,4503599627370496,0
1,1,181270332358125,140737488355328,9007199254740991,9007199254740992,0
1,1,1297051008089503,4503599627370496,-4219633587088071,40564819207303340847894502572032,0
1,1,181270332358125,140737488355328,-2567508057023681,10141204801825835211973625643008,0
1,1,5001272674527227,18014398509481984,4503599627370495,4503599627370496,0
1,1,5753917796002303,4503599627370496,1,1,0
4503599627370497,4503599627370496,5001272674527229,18014398509481984,-6893847575208567,40564819207303340847894502572032,0
1,1,11238120695317,8796093022208,-3550999179706061,20282409603651670423947251286016,0
3052888959961,2535301200456458802993406410752,2594102016179009,9007199254740992,1,1,0
9007199254740991,9007199254740992,5188204032358017,18014398509481984,4503599627370497,4503599627370496,0
-2422674239051745,40564819207303340847894502572032,5188204032358015,18014398509481984,3471199417172367,81129638414606681695789005144064,0
1,1,1297051008089503,4503599627370496,-4219633587088071,40564819207303340847894502572032,0
3728409816310513,40564819207303340847894502572032,625159084315903,2251799813685248,9007199254740991,9007199254740992,0
1,1,5001272674527227,18014398509481984,4503599627370495,4503599627370496,0
-3146152890128353,40564819207303340847894502572032,5001272674527229,18014398509481984,-915448542431037,40564819207303340847894502572032,0
4503599627370497,4503599627370496,5001272674527229,18014398509481984,-6893847575208567,40564819207303340847894502572032,0
9007199254740991,9007199254740992,5188204032358017,18014398509481984,4503599627370497,4503599627370496,0
3052888959961,2535301200456458802993406410752,2594102016179009,9007199254740992,1,1,0
1,1,181270332358125,140737488355328,9007199254740991,9007199254740992,0
8878320889598203,162259276829213363391578010288128,181270332358125,140737488355328,9007199254740991,9007199254740992,0
1,1,5001272674527227,18014398509481984,4503599627370495,4503599627370496,0
3728409816310513,40564819207303340847894502572032,625159084315903,2251799813685248,9007199254740991,9007199254740992,0
1,1,5753917796002303,4503599627370496,1,1,0
-422967690007073,5070602400912917605986812821504,2876958898001151,2251799813685248,1,1,0
-1348718221962819,20282409603651670423947251286016,181270332358125,140737488355328,-5799424011953675,40564819207303340847894502572032,0
-2422674239051745,40564819207303340847894502572032,5188204032358015,18014398509481984,3471199417172367,81129638414606681695789005144064,0
1,1,181270332358125,140737488355328,-2567508057023681,10141204801825835211973625643008,0
1,1,1297051008089503,4503599627370496,-4219633587088071,40564819207303340847894502572032,0
-1999629105606211,20282409603651670423947251286016,5753917796002303,4503599627370496,948195603944051,40564819207303340847894502572032,0
-3146152890128353,40564819207303340847894502572032,5001272674527229,18014398509481984,-915448542431037,40564819207303340847894502572032,0
1,1,11238120695317,8796093022208,-3550999179706061,20282409603651670423947251286016,0
4503599627370497,4503599627370496,5001272674527229,18014398509481984,-6893847575208567,40564819207303340847894502572032,0
8878320889598203,162259276829213363391578010288128,181270332358125,140737488355328,9007199254740991,9007199254740992,0
-1348718221962819,20282409603651670423947251286016,181270332358125,140737488355328,-5799424011953675,40564819207303340847894502572032,0
1,1,181270332358125,140737488355328,9007199254740991,9007199254740992,0
1,1,181270332358125,140737488355328,-2567508057023681,10141204801825835211973625643008,0
-422967690007073,5070602400912917605986812821504,2876958898001151,2251799813685248,1,1,0
-1999629105606211,20282409603651670423947251286016,5753917796002303,4503599627370496,948195603944051,40564819207303340847894502572032,0
1,1,5753917796002303,4503599627370496,1,1,0
1,1,11238120695317,8796093022208,-3550999179706061,20282409603651670423947251286016,0
3052888959961,2535301200456458802993406410752,2594102016179009,9007199254740992,1,1,0
-2422674239051745,40564819207303340847894502572032,5188204032358015,18014398509481984,3471199417172367,81129638414606681695789005144064,0
8878320889598203,162259276829213363391578010288128,181270332358125,140737488355328,9007199254740991,9007199254740992,0
-1348718221962819,20282409603651670423947251286016,181270332358125,140737488355328,-5799424011953675,40564819207303340847894502572032,0
3728409816310513,40564819207303340847894502572032,625159084315903,2251799813685248,9007199254740991,9007199254740992,0
-3146152890128353,40564819207303340847894502572032,5001272674527229,18014398509481984,-915448542431037,40564819207303340847894502572032,0
-422967690007073,5070602400912917605986812821504,2876958898001151,2251799813685248,1,1,0
-1999629105606211,20282409603651670423947251286016,5753917796002303,4503599627370496,948195603944051,40564819207303340847894502572032,0
1,1,1297051008089503,4503599627370496,-4219633587088071,40564819207303340847894502572032,0
3052888959961,2535301200456458802993406410752,2594102016179009,9007199254740992,1,1,0
-2422674239051745,40564819207303340847894502572032,5188204032358015,18014398509481984,3471199417172367,81129638414606681695789005144064,0
9007199254740991,9007199254740992,5188204032358017,18014398509481984,4503599627370497,4503599627370496,0
4503599627370497,4503599627370496,5001272674527229,18014398509481984,-6893847575208567,40564819207303340847894502572032,0
3728409816310513,40564819207303340847894502572032,625159084315903,2251799813685248,9007199254740991,9007199254740992,0
-3146152890128353,40564819207303340847894502572032,5001272674527229,18014398509481984,-915448542431037,40564819207303340847894502572032,0
1,1,5001272674527227,18014398509481984,4503599627370495,4503599627370496,0
1,1,181270332358125,140737488355328,-2567508057023681,10141204801825835211973625643008,0
9007199254740991,9007199254740992,5188204032358017,18014398509481984,4503599627370497,4503599627370496,0
1,1,1297051008089503,4503599627370496,-4219633587088071,40564819207303340847894502572032,0
1,1,181270332358125,140737488355328,9007199254740991,9007199254740992,0
1,1,11238120695317,8796093022208,-3550999179706061,20282409603651670423947251286016,0
1,1,5001272674527227,18014398509481984,4503599627370495,4503599627370496,0
4503599627370497,4503599627370496,5001272674527229,18014398509481984,-6893847575208567,40564819207303340847894502572032,0
1,1,5753917796002303,4503599627370496,1,1,0
1,1,1297051008089503,4503599627370496,-4219633587088071,40564819207303340847894502572032,0
-2422674239051745,40564819207303340847894502572032,5188204032358015,18014398509481984,3471199417172367,81129638414606681695789005144064,0
-1348718221962819,20282409603651670423947251286016,181270332358125,140737488355328,-5799424011953675,40564819207303340847894502572032,0
1,1,181270332358125,140737488355328,-2567508057023681,10141204801825835211973625643008,0
4503599627370497,4503599627370496,5001272674527229,18014398509481984,-6893847575208567,40564819207303340847894502572032,0
-3146152890128353,40564819207303340847894502572032,5001272674527229,18014398509481984,-915448542431037,40564819207303340847894502572032,0
-1999629105606211,20282409603651670423947251286016,5753917796002303,4503599627370496,948195603944051,40564819207303340847894502572032,0
1,1,11238120695317,8796093022208,-3550999179706061,20282409603651670423947251286016,0
1,1,181270332358125,140737488355328,-2567508057023681,10141204801825835211973625643008,0
-1348718221962819,20282409603651670423947251286016,181270332358125,140737488355328,-5799424011953675,40564819207303340847894502572032,0
8878320889598203,162259276829213363391578010288128,181270332358125,140737488355328,9007199254740991,9007199254740992,0
1,1,181270332358125,140737488355328,9007199254740991,9007199254740992,0
1,1,11238120695317,8796093022208,-3550999179706061,20282409603651670423947251286016,0
-1999629105606211,20282409603651670423947251286016,5753917796002303,4503599627370496,948195603944051,40564819207303340847894502572032,0
-422967690007073,5070602400912917605986812821504,2876958898001151,2251799813685248,1,1,0
1,1,5753917796002303,4503599627370496,1,1,0
8878320889598203,162259276829213363391578010288128,181270332358125,140737488355328,9007199254740991,9007199254740992,0
3052888959961,2535301200456458802993406410752,2594102016179009,9007199254740992,1,1,0
9007199254740991,9007199254740992,5188204032358017,18014398509481984,4503599627370497,4503599627370496,0
1,1,181270332358125,140737488355328,9007199254740991,9007199254740992,0
-422967690007073,5070602400912917605986812821504,2876958898001151,2251799813685248,1,1,0
3728409816310513,40564819207303340847894502572032,625159084315903,2251799813685248,9007199254740991,9007199254740992,0
1,1,5001272674527227,18014398509481984,4503599627370495,4503599627370496,0
1,1,5753917796002303,4503599627370496,1,1,0
1,1,2573485501354569,9007199254740992,8994331827234219,9007199254740992,0
9007199254740991,9007199254740992,5171710820498591,18014398509481984,4503599627370497,4503599627370496,0
1,1,2585855410249293,9007199254740992,-4455583180432587,40564819207303340847894502572032,0
1,1,5796527332495143,4503599627370496,9007199254740991,9007199254740992,0
1,1,2573485501354569,9007199254740992,8994331827234219,9007199254740992,0
2253429248079903,2251799813685248,323346666128661,1125899906842624,4507409669139119,4503599627370496,0
4507025506173435,4503599627370496,5173955239844183,18014398509481984,-2438239976804263,4611686018427387904,0
1126429506045739,1125899906842624,5780350994683469,4503599627370496,1126290874511523,1125899906842624,0
2987993606057239,324518553658426726783156020576256,5171710820498591,18014398509481984,1,1,0
-1,2,2573485501354569,9007199254740992,3374482863651179,2251799813685248,0
1,2,2573485501354569,9007199254740992,3374482863651179,2251799813685248,0
0,1,2573485501354569,9007199254740992,8994331827234219,9007199254740992,0
-2341483778307285,4611686018427387904,80837660844973,281474976710656,4507353101911507,4503599627370496,0
-1,2,2573485501354569,9007199254740992,3374482863651179,2251799813685248,0
1,2,2573485501354569,9007199254740992,3374482863651179,2251799813685248,0
0,1,2573485501354569,9007199254740992,8994331827234219,9007199254740992,0
1,1,2573485501354569,9007199254740992,8994331827234219,9007199254740992,0
9007199254740991,9007199254740992,5171710820498591,18014398509481984,4503599627370497,4503599627370496,0
-4973015519165481,81129638414606681695789005144064,5171710820498589,18014398509481984,3003388120437785,81129638414606681695789005144064,0
1,1,2585855410249293,9007199254740992,-4455583180432587,40564819207303340847894502572032,0
1,1,2573485501354569,9007199254740992,8994331827234219,9007199254740992,0
2253429248079903,2251799813685248,323346666128661,1125899906842624,4507409669139119,4503599627370496,0
-5352568392485247,18446744073709551616,5169087874301245,18014398509481984,-7324645306894041,18446744073709551616,0
4507025506173435,4503599627370496,5173955239844183,18014398509481984,-2438239976804263,4611686018427387904,0
9007199254740991,9007199254740992,5171710820498591,18014398509481984,4503599627370497,4503599627370496,0
1,2,2573485501354569,9007199254740992,3374482863651179,2251799813685248,0
3,2,2573485501354569,9007199254740992,3374482863651179,2251799813685248,0
1,1,2573485501354569,9007199254740992,8994331827234219,9007199254740992,0
2253429248079903,2251799813685248,323346666128661,1125899906842624,4507409669139119,4503599627370496,0
1,2,2573485501354569,9007199254740992,3374482863651179,2251799813685248,0
3,2,2573485501354569,9007199254740992,3374482863651179,2251799813685248,0
1,1,2573485501354569,9007199254740992,8994331827234219,9007199254740992,0
-4973015519165481,81129638414606681695789005144064,5171710820498589,18014398509481984,3003388120437785,81129638414606681695789005144064,0
-1,2,2573485501354569,9007199254740992,-4516467054877269,9007199254740992,0
-1,2,2573485501354569,9007199254740992,4490732199863723,9007199254740992,0
1,2,2573485501354569,9007199254740992,-4516467054877269,9007199254740992,0
-5352568392485247,18446744073709551616,5169087874301245,18014398509481984,-7324645306894041,18446744073709551616,0
-1,2,2573485501354569,9007199254740992,-4516467054877269,9007199254740992,0
-1,2,2573485501354569,9007199254740992,4490732199863723,9007199254740992,0
1,2,2573485501354569,9007199254740992,-4516467054877269,9007199254740992,0
1,1,2585855410249293,9007199254740992,-4455583180432587,40564819207303340847894502572032,0
3,2,2573485501354569,9007199254740992,-4516467054877269,9007199254740992,0
1,2,2573485501354569,9007199254740992,-4516467054877269,9007199254740992,0
3,2,2573485501354569,9007199254740992,4490732199863723,9007199254740992,0
4507025506173435,4503599627370496,5173955239844183,18014398509481984,-2438239976804263,4611686018427387904,0
3,2,2573485501354569,9007199254740992,-4516467054877269,9007199254740992,0
1,2,2573485501354569,9007199254740992,-4516467054877269,9007199254740992,0
3,2,2573485501354569,9007199254740992,4490732199863723,9007199254740992,0
1,1,2585855410249293,9007199254740992,-4455583180432587,40564819207303340847894502572032,0
3,2,2573485501354569,9007199254740992,4490732199863723,9007199254740992,0
1,2,2573485501354569,9007199254740992,-4516467054877269,9007199254740992,0
1,1,2573485501354569,9007199254740992,8994331827234219,9007199254740992,0
4507025506173435,4503599627370496,5173955239844183,18014398509481984,-2438239976804263,4611686018427387904,0
3,2,2573485501354569,9007199254740992,4490732199863723,9007199254740992,0
1,2,2573485501354569,9007199254740992,-4516467054877269,9007199254740992,0
1,1,2573485501354569,9007199254740992,8994331827234219,9007199254740992,0
9007199254740991,9007199254740992,5171710820498591,18014398509481984,4503599627370497,4503599627370496,0
1,1,2573485501354569,9007199254740992,8994331827234219,9007199254740992,0
1,2,2573485501354569,9007199254740992,-4516467054877269,9007199254740992,0
1,2,2573485501354569,9007199254740992,3374482863651179,2251799813685248,0
2253429248079903,2251799813685248,323346666128661,1125899906842624,4507409669139119,4503599627370496,0
1,1,2573485501354569,9007199254740992,8994331827234219,9007199254740992,0
1,2,2573485501354569,9007199254740992,-4516467054877269,9007199254740992,0
1,2,2573485501354569,9007199254740992,3374482863651179,2251799813685248,0
2987993606057239,324518553658426726783156020576256,5171710820498591,18014398509481984,1,1,0
0,1,2573485501354569,9007199254740992,8994331827234219,9007199254740992,0
1,2,2573485501354569,9007199254740992,3374482863651179,2251799813685248,0
1,2,2573485501354569,9007199254740992,-4516467054877269,9007199254740992,0
-2341483778307285,4611686018427387904,80837660844973,281474976710656,4507353101911507,4503599627370496,0
0,1,2573485501354569,9007199254740992,8994331827234219,9007199254740992,0
1,2,2573485501354569,9007199254740992,3374482863651179,2251799813685248,0
1,2,2573485501354569,9007199254740992,-4516467054877269,9007199254740992,0
9007199254740991,9007199254740992,5171710820498591,18014398509481984,4503599627370497,4503599627370496,0
3,2,2573485501354569,9007199254740992,3374482863651179,2251799813685248,0
3,2,2573485501354569,9007199254740992,4490732199863723,9007199254740992,0
1,1,2573485501354569,9007199254740992,8994331827234219,9007199254740992,0
2253429248079903,2251799813685248,323346666128661,1125899906842624,4507409669139119,4503599627370496,0
3,2,2573485501354569,9007199254740992,3374482863651179,2251799813685248,0
3,2,2573485501354569,9007199254740992,4490732199863723,9007199254740992,0
1,1,2573485501354569,9007199254740992,8994331827234219,9007199254740992,0
2987993606057239,324518553658426726783156020576256,5171710820498591,18014398509481984,1,1,0
0,1,2573485501354569,9007199254740992,8994331827234219,9007199254740992,0
-1,2,2573485501354569,9007199254740992,4490732199863723,9007199254740992,0
-1,2,2573485501354569,9007199254740992,3374482863651179,2251799813685248,0
-2341483778307285,4611686018427387904,80837660844973,281474976710656,4507353101911507,4503599627370496,0
0,1,2573485501354569,9007199254740992,8994331827234219,9007199254740992,0
-1,2,2573485501354569,9007199254740992,4490732199863723,9007199254740992,0
-1,2,2573485501354569,9007199254740992,3374482863651179,2251799813685248,0
-4973015519165481,81129638414606681695789005144064,5171710820498589,18014398509481984,3003388120437785,81129638414606681695789005144064,0
-1,2,2573485501354569,9007199254740992,4490732199863723,9007199254740992,0
0,1,2573485501354569,9007199254740992,8994331827234219,9007199254740992,0
1,2,2573485501354569,9007199254740992,-4516467054877269,9007199254740992,0
-5352568392485247,18446744073709551616,5169087874301245,18014398509481984,-7324645306894041,18446744073709551616,0
-1,2,2573485501354569,9007199254740992,4490732199863723,9007199254740992,0
0,1,2573485501354569,9007199254740992,8994331827234219,9007199254740992,0
1,2,2573485501354569,9007199254740992,-4516467054877269,9007199254740992,0
0,1,2573485501354569,9007199254740992,8994331827234219,9007199254740992,0
2987993606057239,324518553658426726783156020576256,5171710820498591,18014398509481984,1,1,0
-4973015519165481,81129638414606681695789005144064,5171710820498589,18014398509481984,3003388120437785,81129638414606681695789005144064,0
9007199254740991,9007199254740992,5171710820498591,18014398509481984,4503599627370497,4503599627370496,0
0,1,2573485501354569,9007199254740992,8994331827234219,9007199254740992,0
-2341483778307285,4611686018427387904,80837660844973,281474976710656,4507353101911507,4503599627370496,0
-5352568392485247,18446744073709551616,5169087874301245,18014398509481984,-7324645306894041,18446744073709551616,0
2253429248079903,2251799813685248,323346666128661,1125899906842624,4507409669139119,4503599627370496,0
1,1,2573485501354569,9007199254740992,8994331827234219,9007199254740992,0
2987993606057239,324518553658426726783156020576256,5171710820498591,18014398509481984,1,1,0
-4973015519165481,81129638414606681695789005144064,5171710820498589,18014398509481984,3003388120437785,81129638414606681695789005144064,0
9007199254740991,9007199254740992,5171710820498591,18014398509481984,4503599627370497,4503599627370496,0
1,1,2573485501354569,9007199254740992,8994331827234219,9007199254740992,0
-2341483778307285,4611686018427387904,80837660844973,281474976710656,4507353101911507,4503599627370496,0
-5352568392485247,18446744073709551616,5169087874301245,18014398509481984,-7324645306894041,18446744073709551616,0
2253429248079903,2251799813685248,323346666128661,1125899906842624,4507409669139119,4503599627370496,0
0,1,2573485501354569,9007199254740992,8994331827234219,9007199254740992,0
2987993606057239,324518553658426726783156020576256,5171710820498591,18014398509481984,1,1,0
862595703350571,20282409603651670423947251286016,5796527332495143,4503599627370496,9007199254740991,9007199254740992,0
-4973015519165481,81129638414606681695789005144064,5171710820498589,18014398509481984,3003388120437785,81129638414606681695789005144064,0
0,1,2573485501354569,9007199254740992,8994331827234219,9007199254740992,0
-2341483778307285,4611686018427387904,80837660844973,281474976710656,4507353101911507,4503599627370496,0
-5582312988206851,9223372036854775808,1445617426593913,1125899906842624,4504262263042183,4503599627370496,0
-5352568392485247,18446744073709551616,5169087874301245,18014398509481984,-7324645306894041,18446744073709551616,0
1,1,2585855410249293,9007199254740992,-4455583180432587,40564819207303340847894502572032,0
2987993606057239,324518553658426726783156020576256,5171710820498591,18014398509481984,1,1,0
-4973015519165481,81129638414606681695789005144064,5171710820498589,18014398509481984,3003388120437785,81129638414606681695789005144064,0
9007199254740991,9007199254740992,5171710820498591,18014398509481984,4503599627370497,4503599627370496,0
4507025506173435,4503599627370496,5173955239844183,18014398509481984,-2438239976804263,4611686018427387904,0
-2341483778307285,4611686018427387904,80837660844973,281474976710656,4507353101911507,4503599627370496,0
-5352568392485247,18446744073709551616,5169087874301245,18014398509481984,-7324645306894041,18446744073709551616,0
2253429248079903,2251799813685248,323346666128661,1125899906842624,4507409669139119,4503599627370496,0
862595703350571,20282409603651670423947251286016,5796527332495143,4503599627370496,9007199254740991,9007199254740992,0
-5624595952619357,81129638414606681695789005144064,5796527332495143,4503599627370496,-5204072214570581,40564819207303340847894502572032,0
1,1,5796527332495143,4503599627370496,9007199254740991,9007199254740992,0
1,1,5796527332495143,4503599627370496,-1248814028088451,5070602400912917605986812821504,0
-5582312988206851,9223372036854775808,1445617426593913,1125899906842624,4504262263042183,4503599627370496,0
-2463672393442319,18446744073709551616,5787076775639297,4503599627370496,-970409791589585,4611686018427387904,0
1126429506045739,1125899906842624,5780350994683469,4503599627370496,1126290874511523,1125899906842624,0
4505306034738479,4503599627370496,180741572967605,140737488355328,-1459564327222581,2305843009213693952,0
1,1,2585855410249293,9007199254740992,-4455583180432587,40564819207303340847894502572032,0
-4973015519165481,81129638414606681695789005144064,5171710820498589,18014398509481984,3003388120437785,81129638414606681695789005144064,0
-5624595952619357,81129638414606681695789005144064,5796527332495143,4503599627370496,-5204072214570581,40564819207303340847894502572032,0
1,1,5796527332495143,4503599627370496,-1248814028088451,5070602400912917605986812821504,0
4507025506173435,4503599627370496,5173955239844183,18014398509481984,-2438239976804263,4611686018427387904,0
-5352568392485247,18446744073709551616,5169087874301245,18014398509481984,-7324645306894041,18446744073709551616,0
-2463672393442319,18446744073709551616,5787076775639297,4503599627370496,-970409791589585,4611686018427387904,0
4505306034738479,4503599627370496,180741572967605,140737488355328,-1459564327222581,2305843009213693952,0
-5624595952619357,81129638414606681695789005144064,5796527332495143,4503599627370496,-5204072214570581,40564819207303340847894502572032,0
2987993606057239,324518553658426726783156020576256,5171710820498591,18014398509481984,1,1,0
862595703350571,20282409603651670423947251286016,5796527332495143,4503599627370496,9007199254740991,9007199254740992,0
-4973015519165481,81129638414606681695789005144064,5171710820498589,18014398509481984,3003388120437785,81129638414606681695789005144064,0
-2463672393442319,18446744073709551616,5787076775639297,4503599627370496,-970409791589585,4611686018427387904,0
-2341483778307285,4611686018427387904,80837660844973,281474976710656,4507353101911507,4503599627370496,0
-5582312988206851,9223372036854775808,1445617426593913,1125899906842624,4504262263042183,4503599627370496,0
-5352568392485247,18446744073709551616,5169087874301245,18014398509481984,-7324645306894041,18446744073709551616,0
1,1,5796527332495143,4503599627370496,-1248814028088451,5070602400912917605986812821504,0
9007199254740991,9007199254740992,5171710820498591,18014398509481984,4503599627370497,4503599627370496,0
1,1,2585855410249293,9007199254740992,-4455583180432587,40564819207303340847894502572032,0
1,1,5796527332495143,4503599627370496,9007199254740991,9007199254740992,0
4505306034738479,4503599627370496,180741572967605,140737488355328,-1459564327222581,2305843009213693952,0
2253429248079903,2251799813685248,323346666128661,1125899906842624,4507409669139119,4503599627370496,0
4507025506173435,4503599627370496,5173955239844183,18014398509481984,-2438239976804263,4611686018427387904,0
1126429506045739,1125899906842624,5780350994683469,4503599627370496,1126290874511523,1125899906842624,0
862595703350571,20282409603651670423947251286016,5796527332495143,4503599627370496,9007199254740991,9007199254740992,0
2987993606057239,324518553658426726783156020576256,5171710820498591,18014398509481984,1,1,0
9007199254740991,9007199254740992,5171710820498591,18014398509481984,4503599627370497,4503599627370496,0
1,1,5796527332495143,4503599627370496,9007199254740991,9007199254740992,0
-5582312988206851,9223372036854775808,1445617426593913,1125899906842624,4504262263042183,4503599627370496,0
-2341483778307285,4611686018427387904,80837660844973,281474976710656,4507353101911507,4503599627370496,0
2253429248079903,2251799813685248,323346666128661,1125899906842624,4507409669139119,4503599627370496,0
1126429506045739,1125899906842624,5780350994683469,4503599627370496,1126290874511523,1125899906842624,0
1,1,5796527332495143,4503599627370496,-1248814028088451,5070602400912917605986812821504,0
-5624595952619357,81129638414606681695789005144064,5796527332495143,4503599627370496,-5204072214570581,40564819207303340847894502572032,0
862595703350571,20282409603651670423947251286016,5796527332495143,4503599627370496,9007199254740991,9007199254740992,0
1,1,5796527332495143,4503599627370496,9007199254740991,9007199254740992,0
4505306034738479,4503599627370496,180741572967605,140737488355328,-1459564327222581,2305843009213693952,0
-2463672393442319,18446744073709551616,5787076775639297,4503599627370496,-970409791589585,4611686018427387904,0
-5582312988206851,9223372036854775808,1445617426593913,1125899906842624,4504262263042183,4503599627370496,0
1126429506045739,1125899906842624,5780350994683469,4503599627370496,1126290874511523,1125899906842624,0
2987993606057239,324518553658426726783156020576256,5171710820498591,18014398509481984,1,1,0
9007199254740991,9007199254740992,5171710820498591,18014398509481984,4503599627370497,4503599627370496,0
-4973015519165481,81129638414606681695789005144064,5171710820498589,18014398509481984,3003388120437785,81129638414606681695789005144064,0
1,1,2585855410249293,9007199254740992,-4455583180432587,40564819207303340847894502572032,0
-2341483778307285,4611686018427387904,80837660844973,281474976710656,4507353101911507,4503599627370496,0
2253429248079903,2251799813685248,323346666128661,1125899906842624,4507409669139119,4503599627370496,0
-5352568392485247,18446744073709551616,5169087874301245,18014398509481984,-7324645306894041,18446744073709551616,0
4507025506173435,4503599627370496,5173955239844183,18014398509481984,-2438239976804263,4611686018427387904,0
2987993606057239,324518553658426726783156020576256,5171710820498591,18014398509481984,1,1,0
-4973015519165481,81129638414606681695789005144064,5171710820498589,18014398509481984,3003388120437785,81129638414606681695789005144064,0
862595703350571,20282409603651670423947251286016,5796527332495143,4503599627370496,9007199254740991,9007199254740992,0
-5624595952619357,81129638414606681695789005144064,5796527332495143,4503599627370496,-5204072214570581,40564819207303340847894502572032,0
-2341483778307285,4611686018427387904,80837660844973,281474976710656,4507353101911507,4503599627370496,0
-5352568392485247,18446744073709551616,5169087874301245,18014398509481984,-7324645306894041,18446744073709551616,0
-5582312988206851,9223372036854775808,1445617426593913,1125899906842624,4504262263042183,4503599627370496,0
-2463672393442319,18446744073709551616,5787076775639297,4503599627370496,-970409791589585,4611686018427387904,0
-5624595952619357,81129638414606681695789005144064,5796527332495143,4503599627370496,-5204072214570581,40564819207303340847894502572032,0
-4973015519165481,81129638414606681695789005144064,5171710820498589,18014398509481984,3003388120437785,81129638414606681695789005144064,0
1,1,5796527332495143,4503599627370496,-1248814028088451,5070602400912917605986812821504,0
1,1,2585855410249293,9007199254740992,-4455583180432587,40564819207303340847894502572032,0
-2463672393442319,18446744073709551616,5787076775639297,4503599627370496,-970409791589585,4611686018427387904,0
-5352568392485247,18446744073709551616,5169087874301245,18014398509481984,-7324645306894041,18446744073709551616,0
4505306034738479,4503599627370496,180741572967605,140737488355328,-1459564327222581,2305843009213693952,0
4507025506173435,4503599627370496,5173955239844183,18014398509481984,-2438239976804263,4611686018427387904,0
9007199254740991,9007199254740992,5171710820498591,18014398509481984,4503599627370497,4503599627370496,0
1,1,5796527332495143,4503599627370496,9007199254740991,9007199254740992,0
1,1,2585855410249293,9007199254740992,-4455583180432587,40564819207303340847894502572032,0
1,1,5796527332495143,4503599627370496,-1248814028088451,5070602400912917605986812821504,0
2253429248079903,2251799813685248,323346666128661,1125899906842624,4507409669139119,4503599627370496,0
1126429506045739,1125899906842624,5780350994683469,4503599627370496,1126290874511523,1125899906842624,0
4507025506173435,4503599627370496,5173955239844183,18014398509481984,-2438239976804263,4611686018427387904,0
4505306034738479,4503599627370496,180741572967605,140737488355328,-1459564327222581,2305843009213693952,0
9007199254740991,9007199254740992,5171710820498591,18014398509481984,4503599627370497,4503599627370496,0
2987993606057239,324518553658426726783156020576256,5171710820498591,18014398509481984,1,1,0
1,1,5796527332495143,4503599627370496,9007199254740991,9007199254740992,0
862595703350571,20282409603651670423947251286016,5796527332495143,4503599627370496,9007199254740991,9007199254740992,0
2253429248079903,2251799813685248,323346666128661,1125899906842624,4507409669139119,4503599627370496,0
-2341483778307285,4611686018427387904,80837660844973,281474976710656,4507353101911507,4503599627370496,0
1126429506045739,1125899906842624,5780350994683469,4503599627370496,1126290874511523,1125899906842624,0
-5582312988206851,9223372036854775808,1445617426593913,1125899906842624,4504262263042183,4503599627370496,0
-2341483778307285,4611686018427387904,80837660844973,281474976710656,4507353101911507,4503599627370496,0
-1,2,2573485501354569,9007199254740992,3374482863651179,2251799813685248,0
1,2,2573485501354569,9007199254740992,3374482863651179,2251799813685248,0
0,1,2573485501354569,9007199254740992,8994331827234219,9007199254740992,0
-6355539977625357,9223372036854775808,2586906893446809,9007199254740992,2254249378278053,2251799813685248,0
-1,2,2573485501354569,9007199254740992,3374482863651179,2251799813685248,0
1,2,2573485501354569,9007199254740992,3374482863651179,2251799813685248,0
0,1,2573485501354569,9007199254740992,8994331827234219,9007199254740992,0
2253429248079903,2251799813685248,323346666128661,1125899906842624,4507409669139119,4503599627370496,0
1,2,2573485501354569,9007199254740992,3374482863651179,2251799813685248,0
3,2,2573485501354569,9007199254740992,3374482863651179,2251799813685248,0
1,1,2573485501354569,9007199254740992,8994331827234219,9007199254740992,0
1126841416071987,1125899906842624,161672320394985,562949953421312,1126954899232209,1125899906842624,0
1,2,2573485501354569,9007199254740992,3374482863651179,2251799813685248,0
3,2,2573485501354569,9007199254740992,3374482863651179,2251799813685248,0
1,1,2573485501354569,9007199254740992,8994331827234219,9007199254740992,0
-5352568392485247,18446744073709551616,5169087874301245,18014398509481984,-7324645306894041,18446744073709551616,0
-1,2,2573485501354569,9007199254740992,-4516467054877269,9007199254740992,0
-1,2,2573485501354569,9007199254740992,4490732199863723,9007199254740992,0
1,2,2573485501354569,9007199254740992,-4516467054877269,9007199254740992,0
-138820341283,1125899906842624,2584795723016641,9007199254740992,-1101061504880567,18446744073709551616,0
-1,2,2573485501354569,9007199254740992,-4516467054877269,9007199254740992,0
-1,2,2573485501354569,9007199254740992,4490732199863723,9007199254740992,0
1,2,2573485501354569,9007199254740992,-4516467054877269,9007199254740992,0
4507025506173435,4503599627370496,5173955239844183,18014398509481984,-2438239976804263,4611686018427387904,0
3,2,2573485501354569,9007199254740992,-4516467054877269,9007199254740992,0
1,2,2573485501354569,9007199254740992,-4516467054877269,9007199254740992,0
3,2,2573485501354569,9007199254740992,4490732199863723,9007199254740992,0
1127150930530595,1125899906842624,2587465035987079,9007199254740992,-8442108700937987,18446744073709551616,0
3,2,2573485501354569,9007199254740992,-4516467054877269,9007199254740992,0
1,2,2573485501354569,9007199254740992,-4516467054877269,9007199254740992,0
3,2,2573485501354569,9007199254740992,4490732199863723,9007199254740992,0
4507025506173435,4503599627370496,5173955239844183,18014398509481984,-2438239976804263,4611686018427387904,0
3,2,2573485501354569,9007199254740992,4490732199863723,9007199254740992,0
1,2,2573485501354569,9007199254740992,-4516467054877269,9007199254740992,0
1,1,2573485501354569,9007199254740992,8994331827234219,9007199254740992,0
1127150930530595,1125899906842624,2587465035987079,9007199254740992,-8442108700937987,18446744073709551616,0
3,2,2573485501354569,9007199254740992,4490732199863723,9007199254740992,0
1,2,2573485501354569,9007199254740992,-4516467054877269,9007199254740992,0
1,1,2573485501354569,9007199254740992,8994331827234219,9007199254740992,0
1,1,2573485501354569,9007199254740992,8994331827234219,9007199254740992,0
2253429248079903,2251799813685248,323346666128661,1125899906842624,4507409669139119,4503599627370496,0
-5352568392485247,18446744073709551616,5169087874301245,18014398509481984,-7324645306894041,18446744073709551616,0
4507025506173435,4503599627370496,5173955239844183,18014398509481984,-2438239976804263,4611686018427387904,0
1,1,2573485501354569,9007199254740992,8994331827234219,9007199254740992,0
1126841416071987,1125899906842624,161672320394985,562949953421312,1126954899232209,1125899906842624,0
-138820341283,1125899906842624,2584795723016641,9007199254740992,-1101061504880567,18446744073709551616,0
1127150930530595,1125899906842624,2587465035987079,9007199254740992,-8442108700937987,18446744073709551616,0
-5352568392485247,18446744073709551616,5169087874301245,18014398509481984,-7324645306894041,18446744073709551616,0
-1,2,2573485501354569,9007199254740992,4490732199863723,9007199254740992,0
0,1,2573485501354569,9007199254740992,8994331827234219,9007199254740992,0
1,2,2573485501354569,9007199254740992,-4516467054877269,9007199254740992,0
-138820341283,1125899906842624,2584795723016641,9007199254740992,-1101061504880567,18446744073709551616,0
-1,2,2573485501354569,9007199254740992,4490732199863723,9007199254740992,0
0,1,2573485501354569,9007199254740992,8994331827234219,9007199254740992,0
1,2,2573485501354569,9007199254740992,-4516467054877269,9007199254740992,0
0,1,2573485501354569,9007199254740992,8994331827234219,9007199254740992,0
-2341483778307285,4611686018427387904,80837660844973,281474976710656,4507353101911507,4503599627370496,0
-5582312988206851,9223372036854775808,1445617426593913,1125899906842624,4504262263042183,4503599627370496,0
-5352568392485247,18446744073709551616,5169087874301245,18014398509481984,-7324645306894041,18446744073709551616,0
0,1,2573485501354569,9007199254740992,8994331827234219,9007199254740992,0
-6355539977625357,9223372036854775808,2586906893446809,9007199254740992,2254249378278053,2251799813685248,0
-8262976821142637,18446744073709551616,2891806258528587,2251799813685248,4506095056922199,4503599627370496,0
-138820341283,1125899906842624,2584795723016641,9007199254740992,-1101061504880567,18446744073709551616,0
0,1,2573485501354569,9007199254740992,8994331827234219,9007199254740992,0
-2341483778307285,4611686018427387904,80837660844973,281474976710656,4507353101911507,4503599627370496,0
-5352568392485247,18446744073709551616,5169087874301245,18014398509481984,-7324645306894041,18446744073709551616,0
2253429248079903,2251799813685248,323346666128661,1125899906842624,4507409669139119,4503599627370496,0
0,1,2573485501354569,9007199254740992,8994331827234219,9007199254740992,0
-6355539977625357,9223372036854775808,2586906893446809,9007199254740992,2254249378278053,2251799813685248,0
-138820341283,1125899906842624,2584795723016641,9007199254740992,-1101061504880567,18446744073709551616,0
1126841416071987,1125899906842624,161672320394985,562949953421312,1126954899232209,1125899906842624,0
1,1,2573485501354569,9007199254740992,8994331827234219,9007199254740992,0
2253429248079903,2251799813685248,323346666128661,1125899906842624,4507409669139119,4503599627370496,0
4507025506173435,4503599627370496,5173955239844183,18014398509481984,-2438239976804263,4611686018427387904,0
1126429506045739,1125899906842624,5780350994683469,4503599627370496,1126290874511523,1125899906842624,0
1,1,2573485501354569,9007199254740992,8994331827234219,9007199254740992,0
1126841416071987,1125899906842624,161672320394985,562949953421312,1126954899232209,1125899906842624,0
1127150930530595,1125899906842624,2587465035987079,9007199254740992,-8442108700937987,18446744073709551616,0
140812806590333,140737488355328,5780547525894477,4503599627370496,1126611992024209,1125899906842624,0
-6355539977625357,9223372036854775808,2586906893446809,9007199254740992,2254249378278053,2251799813685248,0
-1,2,2573485501354569,9007199254740992,3374482863651179,2251799813685248,0
1,2,2573485501354569,9007199254740992,3374482863651179,2251799813685248,0
0,1,2573485501354569,9007199254740992,8994331827234219,9007199254740992,0
-5911361498976613,2305843009213693952,1292619744407601,4503599627370496,2401868417647001,2251799813685248,0
-1,2,2573485501354569,9007199254740992,3374482863651179,2251799813685248,0
1,2,2573485501354569,9007199254740992,3374482863651179,2251799813685248,0
0,1,2573485501354569,9007199254740992,8994331827234219,9007199254740992,0
1,1,2573485501354569,9007199254740992,8994331827234219,9007199254740992,0
1126841416071987,1125899906842624,161672320394985,562949953421312,1126954899232209,1125899906842624,0
-138820341283,1125899906842624,2584795723016641,9007199254740992,-1101061504880567,18446744073709551616,0
1127150930530595,1125899906842624,2587465035987079,9007199254740992,-8442108700937987,18446744073709551616,0
1,1,2573485501354569,9007199254740992,8994331827234219,9007199254740992,0
2260310361039479,2251799813685248,1292493930030721,4503599627370496,4705771076580667,4503599627370496,0
-4532457052738735,4611686018427387904,1292349881268459,4503599627370496,1704455195857725,2305843009213693952,0
4674630015024601,4503599627370496,80628562109037,281474976710656,-8341736239505133,2305843009213693952,0
1126841416071987,1125899906842624,161672320394985,562949953421312,1126954899232209,1125899906842624,0
1,2,2573485501354569,9007199254740992,3374482863651179,2251799813685248,0
3,2,2573485501354569,9007199254740992,3374482863651179,2251799813685248,0
1,1,2573485501354569,9007199254740992,8994331827234219,9007199254740992,0
2260310361039479,2251799813685248,1292493930030721,4503599627370496,4705771076580667,4503599627370496,0
1,2,2573485501354569,9007199254740992,3374482863651179,2251799813685248,0
3,2,2573485501354569,9007199254740992,3374482863651179,2251799813685248,0
1,1,2573485501354569,9007199254740992,8994331827234219,9007199254740992,0
-138820341283,1125899906842624,2584795723016641,9007199254740992,-1101061504880567,18446744073709551616,0
-1,2,2573485501354569,9007199254740992,-4516467054877269,9007199254740992,0
-1,2,2573485501354569,9007199254740992,4490732199863723,9007199254740992,0
1,2,2573485501354569,9007199254740992,-4516467054877269,9007199254740992,0
-4532457052738735,4611686018427387904,1292349881268459,4503599627370496,1704455195857725,2305843009213693952,0
-1,2,2573485501354569,9007199254740992,-4516467054877269,9007199254740992,0
-1,2,2573485501354569,9007199254740992,4490732199863723,9007199254740992,0
1,2,2573485501354569,9007199254740992,-4516467054877269,9007199254740992,0
1127150930530595,1125899906842624,2587465035987079,9007199254740992,-8442108700937987,18446744073709551616,0
3,2,2573485501354569,9007199254740992,-4516467054877269,9007199254740992,0
1,2,2573485501354569,9007199254740992,-4516467054877269,9007199254740992,0
3,2,2573485501354569,9007199254740992,4490732199863723,9007199254740992,0
4674630015024601,4503599627370496,80628562109037,281474976710656,-8341736239505133,2305843009213693952,0
3,2,2573485501354569,9007199254740992,-4516467054877269,9007199254740992,0
1,2,2573485501354569,9007199254740992,-4516467054877269,9007199254740992,0
3,2,2573485501354569,9007199254740992,4490732199863723,9007199254740992,0
1127150930530595,1125899906842624,2587465035987079,9007199254740992,-8442108700937987,18446744073709551616,0
3,2,2573485501354569,9007199254740992,4490732199863723,9007199254740992,0
1,2,2573485501354569,9007199254740992,-4516467054877269,9007199254740992,0
1,1,2573485501354569,9007199254740992,8994331827234219,9007199254740992,0
4674630015024601,4503599627370496,80628562109037,281474976710656,-8341736239505133,2305843009213693952,0
3,2,2573485501354569,9007199254740992,4490732199863723,9007199254740992,0
1,2,2573485501354569,9007199254740992,-4516467054877269,9007199254740992,0
1,1,2573485501354569,9007199254740992,8994331827234219,9007199254740992,0
-138820341283,1125899906842624,2584795723016641,9007199254740992,-1101061504880567,18446744073709551616,0
-1,2,2573485501354569,9007199254740992,4490732199863723,9007199254740992,0
0,1,2573485501354569,9007199254740992,8994331827234219,9007199254740992,0
1,2,2573485501354569,9007199254740992,-4516467054877269,9007199254740992,0
-4532457052738735,4611686018427387904,1292349881268459,4503599627370496,1704455195857725,2305843009213693952,0
-1,2,2573485501354569,9007199254740992,4490732199863723,9007199254740992,0
0,1,2573485501354569,9007199254740992,8994331827234219,9007199254740992,0
1,2,2573485501354569,9007199254740992,-4516467054877269,9007199254740992,0
0,1,2573485501354569,9007199254740992,8994331827234219,9007199254740992,0
-6355539977625357,9223372036854775808,2586906893446809,9007199254740992,2254249378278053,2251799813685248,0
-8262976821142637,18446744073709551616,2891806258528587,2251799813685248,4506095056922199,4503599627370496,0
-138820341283,1125899906842624,2584795723016641,9007199254740992,-1101061504880567,18446744073709551616,0
0,1,2573485501354569,9007199254740992,8994331827234219,9007199254740992,0
-5911361498976613,2305843009213693952,1292619744407601,4503599627370496,2401868417647001,2251799813685248,0
-4431690651462435,288230376151711744,653360260995075,562949953421312,289771586748867,281474976710656,0
-4532457052738735,4611686018427387904,1292349881268459,4503599627370496,1704455195857725,2305843009213693952,0
1,1,2573485501354569,9007199254740992,8994331827234219,9007199254740992,0
1126841416071987,1125899906842624,161672320394985,562949953421312,1126954899232209,1125899906842624,0
1127150930530595,1125899906842624,2587465035987079,9007199254740992,-8442108700937987,18446744073709551616,0
140812806590333,140737488355328,5780547525894477,4503599627370496,1126611992024209,1125899906842624,0
1,1,2573485501354569,9007199254740992,8994331827234219,9007199254740992,0
2260310361039479,2251799813685248,1292493930030721,4503599627370496,4705771076580667,4503599627370496,0
4674630015024601,4503599627370496,80628562109037,281474976710656,-8341736239505133,2305843009213693952,0
4581953396342099,4503599627370496,5187086000302643,4503599627370496,2312788384467501,2251799813685248,0
0,1,2573485501354569,9007199254740992,8994331827234219,9007199254740992,0
-6355539977625357,9223372036854775808,2586906893446809,9007199254740992,2254249378278053,2251799813685248,0
-138820341283,1125899906842624,2584795723016641,9007199254740992,-1101061504880567,18446744073709551616,0
1126841416071987,1125899906842624,161672320394985,562949953421312,1126954899232209,1125899906842624,0
0,1,2573485501354569,9007199254740992,8994331827234219,9007199254740992,0
-5911361498976613,2305843009213693952,1292619744407601,4503599627370496,2401868417647001,2251799813685248,0
-4532457052738735,4611686018427387904,1292349881268459,4503599627370496,1704455195857725,2305843009213693952,0
2260310361039479,2251799813685248,1292493930030721,4503599627370496,4705771076580667,4503599627370496,0
-996510105359777,18446744073709551616,5787116211910301,4503599627370496,200827491625453,4611686018427387904,0
-6355539977625357,9223372036854775808,2586906893446809,9007199254740992,2254249378278053,2251799813685248,0
-8262976821142637,18446744073709551616,2891806258528587,2251799813685248,4506095056922199,4503599627370496,0
-138820341283,1125899906842624,2584795723016641,9007199254740992,-1101061504880567,18446744073709551616,0
6260070068523615,18446744073709551616,2712722328647291,2251799813685248,294495655501809,144115188075855872,0
-5911361498976613,2305843009213693952,1292619744407601,4503599627370496,2401868417647001,2251799813685248,0
-4431690651462435,288230376151711744,653360260995075,562949953421312,289771586748867,281474976710656,0
-4532457052738735,4611686018427387904,1292349881268459,4503599627370496,1704455195857725,2305843009213693952,0
-996510105359777,18446744073709551616,5787116211910301,4503599627370496,200827491625453,4611686018427387904,0
-138820341283,1125899906842624,2584795723016641,9007199254740992,-1101061504880567,18446744073709551616,0
4505538701843715,4503599627370496,5783340331975553,4503599627370496,-3375980959157369,9223372036854775808,0
1127150930530595,1125899906842624,2587465035987079,9007199254740992,-8442108700937987,18446744073709551616,0
6260070068523615,18446744073709551616,2712722328647291,2251799813685248,294495655501809,144115188075855872,0
-4532457052738735,4611686018427387904,1292349881268459,4503599627370496,1704455195857725,2305843009213693952,0
2300387482971051,2251799813685248,2631238664638871,2251799813685248,-2118036942810017,144115188075855872,0
4674630015024601,4503599627370496,80628562109037,281474976710656,-8341736239505133,2305843009213693952,0
4505538701843715,4503599627370496,5783340331975553,4503599627370496,-3375980959157369,9223372036854775808,0
1126841416071987,1125899906842624,161672320394985,562949953421312,1126954899232209,1125899906842624,0
1127150930530595,1125899906842624,2587465035987079,9007199254740992,-8442108700937987,18446744073709551616,0
140812806590333,140737488355328,5780547525894477,4503599627370496,1126611992024209,1125899906842624,0
2300387482971051,2251799813685248,2631238664638871,2251799813685248,-2118036942810017,144115188075855872,0
2260310361039479,2251799813685248,1292493930030721,4503599627370496,4705771076580667,4503599627370496,0
4674630015024601,4503599627370496,80628562109037,281474976710656,-8341736239505133,2305843009213693952,0
4581953396342099,4503599627370496,5187086000302643,4503599627370496,2312788384467501,2251799813685248,0
1127150930530595,1125899906842624,2587465035987079,9007199254740992,-8442108700937987,18446744073709551616,0
-6355539977625357,9223372036854775808,2586906893446809,9007199254740992,2254249378278053,2251799813685248,0
-138820341283,1125899906842624,2584795723016641,9007199254740992,-1101061504880567,18446744073709551616,0
1126841416071987,1125899906842624,161672320394985,562949953421312,1126954899232209,1125899906842624,0
4674630015024601,4503599627370496,80628562109037,281474976710656,-8341736239505133,2305843009213693952,0
-5911361498976613,2305843009213693952,1292619744407601,4503599627370496,2401868417647001,2251799813685248,0
-4532457052738735,4611686018427387904,1292349881268459,4503599627370496,1704455195857725,2305843009213693952,0
2260310361039479,2251799813685248,1292493930030721,4503599627370496,4705771076580667,4503599627370496,0
1127150930530595,1125899906842624,2587465035987079,9007199254740992,-8442108700937987,18446744073709551616,0
-138820341283,1125899906842624,2584795723016641,9007199254740992,-1101061504880567,18446744073709551616,0
-996510105359777,18446744073709551616,5787116211910301,4503599627370496,200827491625453,4611686018427387904,0
4505538701843715,4503599627370496,5783340331975553,4503599627370496,-3375980959157369,9223372036854775808,0
4674630015024601,4503599627370496,80628562109037,281474976710656,-8341736239505133,2305843009213693952,0
-4532457052738735,4611686018427387904,1292349881268459,4503599627370496,1704455195857725,2305843009213693952,0
6260070068523615,18446744073709551616,2712722328647291,2251799813685248,294495655501809,144115188075855872,0
2300387482971051,2251799813685248,2631238664638871,2251799813685248,-2118036942810017,144115188075855872,0
-6355539977625357,9223372036854775808,2586906893446809,9007199254740992,2254249378278053,2251799813685248,0
1126841416071987,1125899906842624,161672320394985,562949953421312,1126954899232209,1125899906842624,0
-138820341283,1125899906842624,2584795723016641,9007199254740992,-1101061504880567,18446744073709551616,0
1127150930530595,1125899906842624,2587465035987079,9007199254740992,-8442108700937987,18446744073709551616,0
-5911361498976613,2305843009213693952,1292619744407601,4503599627370496,2401868417647001,2251799813685248,0
2260310361039479,2251799813685248,1292493930030721,4503599627370496,4705771076580667,4503599627370496,0
-4532457052738735,4611686018427387904,1292349881268459,4503599627370496,1704455195857725,2305843009213693952,0
4674630015024601,4503599627370496,80628562109037,281474976710656,-8341736239505133,2305843009213693952,0
-6355539977625357,9223372036854775808,2586906893446809,9007199254740992,2254249378278053,2251799813685248,0
-138820341283,1125899906842624,2584795723016641,9007199254740992,-1101061504880567,18446744073709551616,0
-8262976821142637,18446744073709551616,2891806258528587,2251799813685248,4506095056922199,4503599627370496,0
-996510105359777,18446744073709551616,5787116211910301,4503599627370496,200827491625453,4611686018427387904,0
-5911361498976613,2305843009213693952,1292619744407601,4503599627370496,2401868417647001,2251799813685248,0
-4532457052738735,4611686018427387904,1292349881268459,4503599627370496,1704455195857725,2305843009213693952,0
-4431690651462435,288230376151711744,653360260995075,562949953421312,289771586748867,281474976710656,0
6260070068523615,18446744073709551616,2712722328647291,2251799813685248,294495655501809,144115188075855872,0
4505538701843715,4503599627370496,5783340331975553,4503599627370496,-3375980959157369,9223372036854775808,0
-996510105359777,18446744073709551616,5787116211910301,4503599627370496,200827491625453,4611686018427387904,0
-8262976821142637,18446744073709551616,2891806258528587,2251799813685248,4506095056922199,4503599627370496,0
140812806590333,140737488355328,5780547525894477,4503599627370496,1126611992024209,1125899906842624,0
2300387482971051,2251799813685248,2631238664638871,2251799813685248,-2118036942810017,144115188075855872,0
6260070068523615,18446744073709551616,2712722328647291,2251799813685248,294495655501809,144115188075855872,0
-4431690651462435,288230376151711744,653360260995075,562949953421312,289771586748867,281474976710656,0
4581953396342099,4503599627370496,5187086000302643,4503599627370496,2312788384467501,2251799813685248,0
-8262976821142637,18446744073709551616,2891806258528587,2251799813685248,4506095056922199,4503599627370496,0
-996510105359777,18446744073709551616,5787116211910301,4503599627370496,200827491625453,4611686018427387904,0
140812806590333,140737488355328,5780547525894477,4503599627370496,1126611992024209,1125899906842624,0
4505538701843715,4503599627370496,5783340331975553,4503599627370496,-3375980959157369,9223372036854775808,0
-4431690651462435,288230376151711744,653360260995075,562949953421312,289771586748867,281474976710656,0
6260070068523615,18446744073709551616,2712722328647291,2251799813685248,294495655501809,144115188075855872,0
4581953396342099,4503599627370496,5187086000302643,4503599627370496,2312788384467501,2251799813685248,0
2300387482971051,2251799813685248,2631238664638871,2251799813685248,-2118036942810017,144115188075855872,0
1126841416071987,1125899906842624,161672320394985,562949953421312,1126954899232209,1125899906842624,0
140812806590333,140737488355328,5780547525894477,4503599627370496,1126611992024209,1125899906842624,0
1127150930530595,1125899906842624,2587465035987079,9007199254740992,-8442108700937987,18446744073709551616,0
4505538701843715,4503599627370496,5783340331975553,4503599627370496,-3375980959157369,9223372036854775808,0
2260310361039479,2251799813685248,1292493930030721,4503599627370496,4705771076580667,4503599627370496,0
4581953396342099,4503599627370496,5187086000302643,4503599627370496,2312788384467501,2251799813685248,0
4674630015024601,4503599627370496,80628562109037,281474976710656,-8341736239505133,2305843009213693952,0
2300387482971051,2251799813685248,2631238664638871,2251799813685248,-2118036942810017,144115188075855872,0
-8262976821142637,18446744073709551616,2891806258528587,2251799813685248,4506095056922199,4503599627370496,0
-6355539977625357,9223372036854775808,2586906893446809,9007199254740992,2254249378278053,2251799813685248,0
1126841416071987,1125899906842624,161672320394985,562949953421312,1126954899232209,1125899906842624,0
140812806590333,140737488355328,5780547525894477,4503599627370496,1126611992024209,1125899906842624,0
-4431690651462435,288230376151711744,653360260995075,562949953421312,289771586748867,281474976710656,0
-5911361498976613,2305843009213693952,1292619744407601,4503599627370496,2401868417647001,2251799813685248,0
2260310361039479,2251799813685248,1292493930030721,4503599627370496,4705771076580667,4503599627370496,0
4581953396342099,4503599627370496,5187086000302643,4503599627370496,2312788384467501,2251799813685248,0
1126841416071987,1125899906842624,161672320394985,562949953421312,1126954899232209,1125899906842624,0
-6355539977625357,9223372036854775808,2586906893446809,9007199254740992,2254249378278053,2251799813685248,0
140812806590333,140737488355328,5780547525894477,4503599627370496,1126611992024209,1125899906842624,0
-8262976821142637,18446744073709551616,2891806258528587,2251799813685248,4506095056922199,4503599627370496,0
2260310361039479,2251799813685248,1292493930030721,4503599627370496,4705771076580667,4503599627370496,0
-5911361498976613,2305843009213693952,1292619744407601,4503599627370496,2401868417647001,2251799813685248,0
4581953396342099,4503599627370496,5187086000302643,4503599627370496,2312788384467501,2251799813685248,0
-4431690651462435,288230376151711744,653360260995075,562949953421312,289771586748867,281474976710656,0
-5911361498976613,2305843009213693952,1292619744407601,4503599627370496,2401868417647001,2251799813685248,0
-1,2,2573485501354569,9007199254740992,3374482863651179,2251799813685248,0
1,2,2573485501354569,9007199254740992,3374482863651179,2251799813685248,0
0,1,2573485501354569,9007199254740992,8994331827234219,9007199254740992,0
-6715907037575245,288230376151711744,2525613608031,8796093022208,1183469952421117,1125899906842624,0
-1,2,2573485501354569,9007199254740992,3374482863651179,2251799813685248,0
1,2,2573485501354569,9007199254740992,3374482863651179,2251799813685248,0
0,1,2573485501354569,9007199254740992,8994331827234219,9007199254740992,0
2260310361039479,2251799813685248,1292493930030721,4503599627370496,4705771076580667,4503599627370496,0
1,2,2573485501354569,9007199254740992,3374482863651179,2251799813685248,0
3,2,2573485501354569,9007199254740992,3374482863651179,2251799813685248,0
1,1,2573485501354569,9007199254740992,8994331827234219,9007199254740992,0
2324516933063695,2251799813685248,5171715904018517,18014398509481984,1174451566274441,1125899906842624,0
1,2,2573485501354569,9007199254740992,3374482863651179,2251799813685248,0
3,2,2573485501354569,9007199254740992,3374482863651179,2251799813685248,0
1,1,2573485501354569,9007199254740992,8994331827234219,9007199254740992,0
-4532457052738735,4611686018427387904,1292349881268459,4503599627370496,1704455195857725,2305843009213693952,0
-1,2,2573485501354569,9007199254740992,-4516467054877269,9007199254740992,0
-1,2,2573485501354569,9007199254740992,4490732199863723,9007199254740992,0
1,2,2573485501354569,9007199254740992,-4516467054877269,9007199254740992,0
-2559395512940689,1152921504606846976,5167275394477703,18014398509481984,1306251903707581,576460752303423488,0
-1,2,2573485501354569,9007199254740992,-4516467054877269,9007199254740992,0
-1,2,2573485501354569,9007199254740992,4490732199863723,9007199254740992,0
1,2,2573485501354569,9007199254740992,-4516467054877269,9007199254740992,0
4674630015024601,4503599627370496,80628562109037,281474976710656,-8341736239505133,2305843009213693952,0
3,2,2573485501354569,9007199254740992,-4516467054877269,9007199254740992,0
1,2,2573485501354569,9007199254740992,-4516467054877269,9007199254740992,0
3,2,2573485501354569,9007199254740992,4490732199863723,9007199254740992,0
4702623402036521,4503599627370496,5169228103011409,18014398509481984,-3934878922777059,288230376151711744,0
3,2,2573485501354569,9007199254740992,-4516467054877269,9007199254740992,0
1,2,2573485501354569,9007199254740992,-4516467054877269,9007199254740992,0
3,2,2573485501354569,9007199254740992,4490732199863723,9007199254740992,0
0,1,2573485501354569,9007199254740992,8994331827234219,9007199254740992,0
-5911361498976613,2305843009213693952,1292619744407601,4503599627370496,2401868417647001,2251799813685248,0
-4532457052738735,4611686018427387904,1292349881268459,4503599627370496,1704455195857725,2305843009213693952,0
2260310361039479,2251799813685248,1292493930030721,4503599627370496,4705771076580667,4503599627370496,0
0,1,2573485501354569,9007199254740992,8994331827234219,9007199254740992,0
-6715907037575245,288230376151711744,2525613608031,8796093022208,1183469952421117,1125899906842624,0
-2559395512940689,1152921504606846976,5167275394477703,18014398509481984,1306251903707581,576460752303423488,0
2324516933063695,2251799813685248,5171715904018517,18014398509481984,1174451566274441,1125899906842624,0
1,1,2573485501354569,9007199254740992,8994331827234219,9007199254740992,0
2260310361039479,2251799813685248,1292493930030721,4503599627370496,4705771076580667,4503599627370496,0
-4532457052738735,4611686018427387904,1292349881268459,4503599627370496,1704455195857725,2305843009213693952,0
4674630015024601,4503599627370496,80628562109037,281474976710656,-8341736239505133,2305843009213693952,0
1,1,2573485501354569,9007199254740992,8994331827234219,9007199254740992,0
2324516933063695,2251799813685248,5171715904018517,18014398509481984,1174451566274441,1125899906842624,0
-2559395512940689,1152921504606846976,5167275394477703,18014398509481984,1306251903707581,576460752303423488,0
4702623402036521,4503599627370496,5169228103011409,18014398509481984,-3934878922777059,288230376151711744,0
-4532457052738735,4611686018427387904,1292349881268459,4503599627370496,1704455195857725,2305843009213693952,0
-1,2,2573485501354569,9007199254740992,4490732199863723,9007199254740992,0
0,1,2573485501354569,9007199254740992,8994331827234219,9007199254740992,0
1,2,2573485501354569,9007199254740992,-4516467054877269,9007199254740992,0
-2559395512940689,1152921504606846976,5167275394477703,18014398509481984,1306251903707581,576460752303423488,0
-1,2,2573485501354569,9007199254740992,4490732199863723,9007199254740992,0
0,1,2573485501354569,9007199254740992,8994331827234219,9007199254740992,0
1,2,2573485501354569,9007199254740992,-4516467054877269,9007199254740992,0
6260070068523615,18446744073709551616,2712722328647291,2251799813685248,294495655501809,144115188075855872,0
-5911361498976613,2305843009213693952,1292619744407601,4503599627370496,2401868417647001,2251799813685248,0
-4431690651462435,288230376151711744,653360260995075,562949953421312,289771586748867,281474976710656,0
-4532457052738735,4611686018427387904,1292349881268459,4503599627370496,1704455195857725,2305843009213693952,0
1177109888358255,2305843009213693952,5440575411160115,4503599627370496,7119176125379919,1152921504606846976,0
-6715907037575245,288230376151711744,2525613608031,8796093022208,1183469952421117,1125899906842624,0
-2467322131294749,144115188075855872,5275071160745199,4503599627370496,4620585285484977,4503599627370496,0
-2559395512940689,1152921504606846976,5167275394477703,18014398509481984,1306251903707581,576460752303423488,0
2260310361039479,2251799813685248,1292493930030721,4503599627370496,4705771076580667,4503599627370496,0
4581953396342099,4503599627370496,5187086000302643,4503599627370496,2312788384467501,2251799813685248,0
4674630015024601,4503599627370496,80628562109037,281474976710656,-8341736239505133,2305843009213693952,0
2300387482971051,2251799813685248,2631238664638871,2251799813685248,-2118036942810017,144115188075855872,0
2324516933063695,2251799813685248,5171715904018517,18014398509481984,1174451566274441,1125899906842624,0
4610095670513153,4503599627370496,5170843781571019,4503599627370496,1157817153827907,1125899906842624,0
4702623402036521,4503599627370496,5169228103011409,18014398509481984,-3934878922777059,288230376151711744,0
1150543883917899,1125899906842624,5277803194305819,4503599627370496,-6478340050773417,576460752303423488,0
4674630015024601,4503599627370496,80628562109037,281474976710656,-8341736239505133,2305843009213693952,0
-5911361498976613,2305843009213693952,1292619744407601,4503599627370496,2401868417647001,2251799813685248,0
-4532457052738735,4611686018427387904,1292349881268459,4503599627370496,1704455195857725,2305843009213693952,0
2260310361039479,2251799813685248,1292493930030721,4503599627370496,4705771076580667,4503599627370496,0
4702623402036521,4503599627370496,5169228103011409,18014398509481984,-3934878922777059,288230376151711744,0
-6715907037575245,288230376151711744,2525613608031,8796093022208,1183469952421117,1125899906842624,0
-2559395512940689,1152921504606846976,5167275394477703,18014398509481984,1306251903707581,576460752303423488,0
2324516933063695,2251799813685248,5171715904018517,18014398509481984,1174451566274441,1125899906842624,0
-5911361498976613,2305843009213693952,1292619744407601,4503599627370496,2401868417647001,2251799813685248,0
2260310361039479,2251799813685248,1292493930030721,4503599627370496,4705771076580667,4503599627370496,0
-4532457052738735,4611686018427387904,1292349881268459,4503599627370496,1704455195857725,2305843009213693952,0
4674630015024601,4503599627370496,80628562109037,281474976710656,-8341736239505133,2305843009213693952,0
-6715907037575245,288230376151711744,2525613608031,8796093022208,1183469952421117,1125899906842624,0
2324516933063695,2251799813685248,5171715904018517,18014398509481984,1174451566274441,1125899906842624,0
-2559395512940689,1152921504606846976,5167275394477703,18014398509481984,1306251903707581,576460752303423488,0
4702623402036521,4503599627370496,5169228103011409,18014398509481984,-3934878922777059,288230376151711744,0
6260070068523615,18446744073709551616,2712722328647291,2251799813685248,294495655501809,144115188075855872,0
-4532457052738735,4611686018427387904,1292349881268459,4503599627370496,1704455195857725,2305843009213693952,0
2300387482971051,2251799813685248,2631238664638871,2251799813685248,-2118036942810017,144115188075855872,0
4674630015024601,4503599627370496,80628562109037,281474976710656,-8341736239505133,2305843009213693952,0
1177109888358255,2305843009213693952,5440575411160115,4503599627370496,7119176125379919,1152921504606846976,0
-2559395512940689,1152921504606846976,5167275394477703,18014398509481984,1306251903707581,576460752303423488,0
1150543883917899,1125899906842624,5277803194305819,4503599627370496,-6478340050773417,576460752303423488,0
4702623402036521,4503599627370496,5169228103011409,18014398509481984,-3934878922777059,288230376151711744,0
4674630015024601,4503599627370496,80628562109037,281474976710656,-8341736239505133,2305843009213693952,0
-4532457052738735,4611686018427387904,1292349881268459,4503599627370496,1704455195857725,2305843009213693952,0
6260070068523615,18446744073709551616,2712722328647291,2251799813685248,294495655501809,144115188075855872,0
2300387482971051,2251799813685248,2631238664638871,2251799813685248,-2118036942810017,144115188075855872,0
4702623402036521,4503599627370496,5169228103011409,18014398509481984,-3934878922777059,288230376151711744,0
-2559395512940689,1152921504606846976,5167275394477703,18014398509481984,1306251903707581,576460752303423488,0
1177109888358255,2305843009213693952,5440575411160115,4503599627370496,7119176125379919,1152921504606846976,0
1150543883917899,1125899906842624,5277803194305819,4503599627370496,-6478340050773417,576460752303423488,0
2260310361039479,2251799813685248,1292493930030721,4503599627370496,4705771076580667,4503599627370496,0
-5911361498976613,2305843009213693952,1292619744407601,4503599627370496,2401868417647001,2251799813685248,0
4581953396342099,4503599627370496,5187086000302643,4503599627370496,2312788384467501,2251799813685248,0
-4431690651462435,288230376151711744,653360260995075,562949953421312,289771586748867,281474976710656,0
2324516933063695,2251799813685248,5171715904018517,18014398509481984,1174451566274441,1125899906842624,0
-6715907037575245,288230376151711744,2525613608031,8796093022208,1183469952421117,1125899906842624,0
4610095670513153,4503599627370496,5170843781571019,4503599627370496,1157817153827907,1125899906842624,0
-2467322131294749,144115188075855872,5275071160745199,4503599627370496,4620585285484977,4503599627370496,0
2300387482971051,2251799813685248,2631238664638871,2251799813685248,-2118036942810017,144115188075855872,0
2260310361039479,2251799813685248,1292493930030721,4503599627370496,4705771076580667,4503599627370496,0
4674630015024601,4503599627370496,80628562109037,281474976710656,-8341736239505133,2305843009213693952,0
4581953396342099,4503599627370496,5187086000302643,4503599627370496,2312788384467501,2251799813685248,0
1150543883917899,1125899906842624,5277803194305819,4503599627370496,-6478340050773417,576460752303423488,0
2324516933063695,2251799813685248,5171715904018517,18014398509481984,1174451566274441,1125899906842624,0
4702623402036521,4503599627370496,5169228103011409,18014398509481984,-3934878922777059,288230376151711744,0
4610095670513153,4503599627370496,5170843781571019,4503599627370496,1157817153827907,1125899906842624,0
